voter_id,dim1,dim2,dim3,příjmení,jméno,kandidátka,klub,datum
4,23.809949437291245,0.31513173089563734,13.02221910334304,Benda,Marek,SPOLU,ODS,2. pol. 2021
207,-26.987168251335472,14.742149162162278,-16.436437094276158,Bašta,Jaroslav,SPD,SPD,2. pol. 2021
346,23.601360361429602,1.0990625460958177,12.983983806070244,Bendl,Petr,SPOLU,ODS,2. pol. 2021
5226,23.306169772359357,0.49624959940121055,12.359602698529299,Žáček,Pavel,SPOLU,ODS,2. pol. 2021
5332,23.67035443853229,0.4041403473377236,12.944929797496277,Tesařík,Antonín,SPOLU,KDU-ČSL,2. pol. 2021
5379,23.695371055907327,1.3496864160207895,13.160028213601517,Bauer,Jan,SPOLU,ODS,2. pol. 2021
5449,21.063837098819366,1.072056014408505,11.324418240478874,Carbol,Jiří,SPOLU,KDU-ČSL,2. pol. 2021
5459,-27.24050018921512,15.189643741620873,-17.047796981194985,Fiala,Radim,SPD,SPD,2. pol. 2021
5477,-26.991472764128286,14.529009785928288,-16.3866690448419,Lesenská,Vladimíra,SPD,SPD,2. pol. 2021
5700,23.480523713156487,1.183129391290149,12.892488400008354,Adamec,Ivan,SPOLU,ODS,2. pol. 2021
5899,23.555041696619213,-0.43916877386043,12.663682828487863,Bureš,Jan,SPOLU,ODS,2. pol. 2021
5901,23.67035443853229,0.4041403473377236,12.944929797496277,Cogan,Josef,PirSTAN,STAN,2. pol. 2021
5903,19.484247426723325,1.4511613049704137,9.652312906349957,Černochová,Jana,SPOLU,ODS,2. pol. 2021
5909,24.00465055997108,1.267460399485325,13.059456799176997,Farský,Jan,PirSTAN,STAN,2. pol. 2021
5911,-26.9456452769619,14.573454324414719,-16.447679988490282,Foldyna,Jaroslav,SPD,SPD,2. pol. 2021
5914,23.333457243288724,0.25772753525807324,12.177142091465301,Gazdík,Petr,PirSTAN,STAN,2. pol. 2021
5943,24.527335766059426,1.471779691052981,13.411588378047918,Langšádlová,Helena,SPOLU,TOP09,2. pol. 2021
5968,23.80279907697959,0.3723088650482815,13.045994917299645,Staněk,Pavel,SPOLU,ODS,2. pol. 2021
5969,19.215304052278693,-0.41500674186186354,8.61552069296699,Stanjura,Zbyněk,SPOLU,ODS,2. pol. 2021
6007,23.131063848334033,1.0723270856139588,12.664101174084475,Svoboda,Bohuslav,SPOLU,ODS,2. pol. 2021
6074,24.491156273246713,0.9099689495347655,14.304434226744226,Fiala,Petr,SPOLU,ODS,2. pol. 2021
6079,18.077264625811594,2.1401329747071274,5.557117540462757,Blažek,Pavel,SPOLU,ODS,2. pol. 2021
6105,-27.309202313006388,15.554082882179902,-16.517779121342087,Okamura,Tomio,SPD,SPD,2. pol. 2021
6138,19.104633533882012,2.2194142597693816,8.90846370397585,Bělobrádek,Pavel,SPOLU,KDU-ČSL,2. pol. 2021
6143,-28.066731925662463,-5.1507321287656795,-15.155429346868884,Berkovec,Stanislav,ANO2011,ANO,2. pol. 2021
6147,24.205011344612632,0.4591103676545487,13.801180221699955,Pekarová Adamová,Markéta,SPOLU,TOP09,2. pol. 2021
6150,-33.23707319565218,9.449181656477757,-16.42076616829299,Babiš,Andrej,ANO2011,ANO,2. pol. 2021
6154,23.43660312639779,0.29606154773144167,12.598077892146296,Ženíšek,Marek,SPOLU,TOP09,2. pol. 2021
6158,-27.635845680496505,-5.705717439019532,-14.913101075318954,Rais,Karel,ANO2011,ANO,2. pol. 2021
6165,-27.23753884119708,0.03574675997462302,-15.216827359328638,Vondráček,Radek,ANO2011,ANO,2. pol. 2021
6166,-28.558048137874678,-4.616625995778191,-16.18969718965391,Volný,Jan,ANO2011,ANO,2. pol. 2021
6168,-29.18199296600824,-5.608378875720105,-15.737757440301625,Válková,Helena,ANO2011,ANO,2. pol. 2021
6172,-27.692439500887264,-5.609205142170861,-14.550197640986779,Okleštěk,Ladislav,ANO2011,ANO,2. pol. 2021
6176,23.67051855109314,0.4041452086148585,12.94996820162687,Nováková,Nina,SPOLU,KDU-ČSL,2. pol. 2021
6177,-26.204134681947973,-5.122937175528612,-13.8095319090152,Balaštíková,Margita,ANO2011,ANO,2. pol. 2021
6178,23.650673141779947,1.6944065052005297,13.384831301361288,Bartošek,Jan,SPOLU,KDU-ČSL,2. pol. 2021
6179,23.675759979615098,0.4588542246080411,12.816881578113039,Benešík,Ondřej,SPOLU,KDU-ČSL,2. pol. 2021
6184,-28.124910211356617,-5.92279418635372,-14.936735456549748,Brabec,Richard,ANO2011,ANO,2. pol. 2021
6185,-28.002571326928425,-4.840213624744837,-14.710452910000367,Brázdil,Milan,ANO2011,ANO,2. pol. 2021
6190,-28.798175981025988,-5.278744370709599,-16.112181200819293,Faltýnek,Jaroslav,ANO2011,ANO,2. pol. 2021
6201,-28.47320229824277,-4.328021175704513,-15.326472404860063,Janulík,Miloslav,ANO2011,ANO,2. pol. 2021
6202,-28.82277554688907,-6.460955125162892,-15.731115651352273,Pokorná Jermanová,Jaroslava,ANO2011,ANO,2. pol. 2021
6205,24.07131241374358,1.9818072240877798,12.615559105395718,Jurečka,Marian,SPOLU,KDU-ČSL,2. pol. 2021
6207,23.6684003014872,0.39738568543640074,12.987170810884503,Kaňkovský,Vít,SPOLU,KDU-ČSL,2. pol. 2021
6209,-31.694363115523302,-9.840561142680972,-18.642730225820436,Kasal,David,ANO2011,ANO,2. pol. 2021
6211,-29.450147545167265,-3.927058924305369,-16.18556623664959,Kolovratník,Martin,ANO2011,ANO,2. pol. 2021
6214,23.548742107603797,0.3649247420264147,12.73257323848489,Kovářová,Věra,PirSTAN,STAN,2. pol. 2021
6215,-28.39546291895672,-4.466524471293525,-15.180666175261699,Kubíček,Roman,ANO2011,ANO,2. pol. 2021
6216,23.90522871321806,0.5983279272813863,13.089792049997945,Kučera,Michal,SPOLU,TOP09,2. pol. 2021
6225,-27.899904888461663,-4.555683482910417,-14.899697182547222,Pastuchová,Jana,ANO2011,ANO,2. pol. 2021
6240,-31.600124782500476,-9.965397873802209,-18.981693462839814,Tureček,Karel,ANO2011,ANO,2. pol. 2021
6246,-27.795639416326033,-5.7107600297822545,-14.627909565098042,Kott,Josef,ANO2011,ANO,2. pol. 2021
6254,-28.158248777118377,-5.146046359386102,-15.234182311964588,Adámková,Věra,ANO2011,ANO,2. pol. 2021
6292,21.173014977197482,1.0717572877031685,11.38278284426548,Golasowská,Pavla,SPOLU,KDU-ČSL,2. pol. 2021
6409,-27.999963145296142,-4.805906511336193,-14.631391295540064,Petrtýl,František,ANO2011,ANO,2. pol. 2021
6418,23.3574395243578,2.083397245578855,12.402669146598255,Skopeček,Jan,SPOLU,ODS,2. pol. 2021
6428,-24.794846584875987,-4.7179613124347455,-13.264029732228835,Babišová,Andrea,ANO2011,ANO,2. pol. 2021
6430,-28.535850459305188,-6.491957069543388,-15.160010217686805,Dostálová,Klára,ANO2011,ANO,2. pol. 2021
6431,-28.36327667988631,-4.5526956300364425,-15.400252512625329,Dražilová,Lenka,ANO2011,ANO,2. pol. 2021
6433,23.58427846558504,0.31044015677056724,12.921482982982955,Bartoš,Ivan,PirSTAN,Piráti,2. pol. 2021
6435,23.569445906676513,0.3704860703980479,12.95965905309277,Baxa,Martin,SPOLU,ODS,2. pol. 2021
6436,24.538865635454822,1.2428223665254041,13.696873813144647,Beitl,Petr,SPOLU,ODS,2. pol. 2021
6437,-28.034638754946183,-4.739557796238296,-14.683356810181307,Bělica,Josef,ANO2011,ANO,2. pol. 2021
6438,23.78356421362262,0.36727267473038827,13.018382163504823,Blaha,Stanislav,SPOLU,ODS,2. pol. 2021
6441,-27.68102740497408,-6.189455638724913,-14.459094358454742,Bžoch,Jaroslav,ANO2011,ANO,2. pol. 2021
6445,-27.23761203313308,15.278752999358183,-16.415600461215544,Dvořák,Jaroslav,SPD,SPD,2. pol. 2021
6447,-28.47320229824277,-4.328021175704513,-15.326472404860063,Farhan,Kamal,ANO2011,ANO,2. pol. 2021
6448,-28.013022283528088,-4.279659797614637,-15.22624776021927,Feranec,Milan,ANO2011,ANO,2. pol. 2021
6451,-27.692439500887264,-5.609205142170861,-14.550197640986779,Fridrich,Stanislav,ANO2011,ANO,2. pol. 2021
6455,-26.92939810738063,13.662279882185771,-16.73234851253484,Hrnčíř,Jan,SPD,SPD,2. pol. 2021
6457,-27.569585934930743,-5.720466524582832,-14.369818829424336,Fialová,Eva,ANO2011,ANO,2. pol. 2021
6458,-28.927596517101556,-6.589926356411616,-15.977960377017547,Jáč,Ivan,ANO2011,ANO,2. pol. 2021
6459,23.371418421087956,0.30899532431912013,12.535355727299002,Janda,Jakub,SPOLU,ODS,2. pol. 2021
6463,-27.708835627346954,-5.642065340387372,-14.586885821206815,Juchelka,Aleš,ANO2011,ANO,2. pol. 2021
6466,23.712535198859293,0.22690026170536612,13.039145061353564,Krutáková,Jana,PirSTAN,STAN,2. pol. 2021
6468,-28.327878745739802,-4.986123074047023,-15.061145119765905,Malá,Taťána,ANO2011,ANO,2. pol. 2021
6469,-27.104292041816315,15.52901411059928,-16.193297532697525,Maříková,Karla,SPD,SPD,2. pol. 2021
6471,-28.506417482931273,-4.375333069924276,-15.27420096796014,Mračková Vildumetzová,Jana,ANO2011,ANO,2. pol. 2021
6473,23.817696869918397,0.3934129771504628,12.82647262501749,Richterová,Olga,PirSTAN,Piráti,2. pol. 2021
6474,-28.16567865383389,-5.131319806539181,-15.24527875030678,Ožanová,Zuzana,ANO2011,ANO,2. pol. 2021
6475,-28.47320229824277,-4.328021175704513,-15.326472404860063,Oborná,Monika,ANO2011,ANO,2. pol. 2021
6477,23.416692189432855,0.8236799239830624,12.4934711286666,Michálek,Jakub,PirSTAN,Piráti,2. pol. 2021
6479,-27.280304086188774,15.527832608176933,-16.47564176885133,Šafránková,Lucie,SPD,SPD,2. pol. 2021
6482,24.703084222097065,2.623823107868389,13.805304586332621,Válek,Vlastimil,SPOLU,TOP09,2. pol. 2021
6484,-30.375898399983868,-9.345568362457305,-17.798709143458918,Štolpa,David,ANO2011,ANO,2. pol. 2021
6486,24.27711678009391,0.9155091632688199,13.278929587197089,Munzar,Vojtěch,SPOLU,ODS,2. pol. 2021
6487,-27.786936721848928,0.63377519323952,-13.093184092983387,Nacher,Patrik,ANO2011,ANO,2. pol. 2021
6490,-27.72342770705749,-5.7584581253031715,-14.738532658315517,Vrána,Petr,ANO2011,ANO,2. pol. 2021
6492,-28.30258499212605,-4.528864388343019,-15.84240731662673,Vondrák,Ivo,ANO2011,Nezařazení,2. pol. 2021
6495,-26.781382883680482,14.785449348164454,-16.000231263588955,Vích,Radovan,SPD,SPD,2. pol. 2021
6500,-28.37476327043456,-4.3083311420383525,-14.67797466859247,Richter,Jan,ANO2011,ANO,2. pol. 2021
6503,-26.83551037084747,15.093266713726024,-15.818202351133744,Kobza,Jiří,SPD,SPD,2. pol. 2021
6505,-29.06785175140106,-6.640234088344239,-16.035155192967377,Špičák,Julius,ANO2011,ANO,2. pol. 2021
6506,-29.143948834810818,-5.767818194967067,-16.635580594231957,Kohoutek,Tomáš,ANO2011,ANO,2. pol. 2021
6508,-27.0441534045032,14.884687173867906,-16.625510519508673,Koten,Radek,SPD,SPD,2. pol. 2021
6509,-27.919955805272824,-4.956318718816063,-14.494660469171686,Králíček,Robert,ANO2011,ANO,2. pol. 2021
6510,23.760972448459505,0.349228374981655,13.019627123453475,Krejza,Karel,SPOLU,ODS,2. pol. 2021
6511,-25.69986100301855,-3.4519056534495025,-13.308118692416958,Kubík,Jan,ANO2011,ANO,2. pol. 2021
6513,23.773984362458577,0.04174830764534318,12.35807246336784,Výborný,Marek,SPOLU,KDU-ČSL,2. pol. 2021
6515,-23.40557997562668,-5.828198635438445,-11.01362551874756,Strýček,Jiří,ANO2011,ANO,2. pol. 2021
6518,-27.628914767311773,-6.4413320722814404,-14.499114171684393,Sadovský,Petr,ANO2011,ANO,2. pol. 2021
6520,-27.625998062348934,-5.760379271205105,-14.811784980529538,Růžička,Pavel,ANO2011,ANO,2. pol. 2021
6521,-27.280304086188774,15.527832608176933,-16.47564176885133,Rozvoral,Radek,SPD,SPD,2. pol. 2021
6523,-27.66902437327512,-6.313416977727389,-14.517601456302822,Ratiborský,Michal,ANO2011,ANO,2. pol. 2021
6524,23.633820005810946,-2.9633318919123823,10.472659691481434,Rakušan,Vít,PirSTAN,STAN,2. pol. 2021
6527,-26.302875041509843,-1.7447156716234429,-12.6003247086998,Pražák,David,ANO2011,ANO,2. pol. 2021
6533,-27.714033369417425,-5.619031393255113,-14.793260704159527,Novák,Marek,ANO2011,ANO,2. pol. 2021
6534,-26.141870698994843,-1.0713445529300791,-13.484238542264533,Mašek,Jiří,ANO2011,ANO,2. pol. 2021
6538,24.445918162420465,1.042506855356816,13.881409765954979,Kupka,Martin,SPOLU,ODS,2. pol. 2021
6544,-27.932267057937526,-4.989075259801966,-14.522017413400386,Metnar,Lubomír,ANO2011,ANO,2. pol. 2021
6545,-28.241367919585464,-5.26676902742283,-15.002687390433165,Schillerová,Alena,ANO2011,ANO,2. pol. 2021
6555,23.80292174531037,0.6703557819895632,12.84097477207087,Philipp,Tom,SPOLU,KDU-ČSL,2. pol. 2021
6621,-28.610241743193594,-5.821153299827037,-15.880214917923084,Havlíček,Karel,ANO2011,ANO,2. pol. 2021
6623,-28.14843835905583,-4.311793306084388,-14.817964970307216,Babka,Ondřej,ANO2011,ANO,2. pol. 2021
6687,23.691425223421394,0.3735037792867206,12.812752913359287,Jakob,Jan,SPOLU,TOP09,2. pol. 2021
6719,26.42025327414025,3.382471470638974,15.851356623073816,Bačíková,Jana,SPOLU,ODS,2. pol. 2021
6720,23.682980368861998,0.3867661086441904,12.96214438815909,Bělohlávková,Romana,SPOLU,KDU-ČSL,2. pol. 2021
6721,23.67051855109314,0.4041452086148585,12.94996820162687,Bělor,Roman,PirSTAN,STAN,2. pol. 2021
6722,23.624595087114912,1.0708402550637304,12.898782850572225,Berki,Jan,PirSTAN,STAN,2. pol. 2021
6723,-27.692439500887264,-5.609205142170861,-14.550197640986779,Berkovcová,Jana,ANO2011,ANO,2. pol. 2021
6724,23.475756141502547,1.5362974209713847,12.70808645930787,Bernard,Josef,PirSTAN,STAN,2. pol. 2021
6725,-27.868187959845418,-5.305116752810496,-14.617865651202733,Brož,Lubomír,ANO2011,ANO,2. pol. 2021
6726,-26.886245162892788,15.17096471507294,-15.816265652994268,Černý,Oldřich,SPD,SPD,2. pol. 2021
6727,23.62707971972772,0.08826678488268949,12.959861676097066,Decroix,Eva,SPOLU,ODS,2. pol. 2021
6728,23.67035443853229,0.4041403473377236,12.944929797496277,Dubský,Tomáš,PirSTAN,STAN,2. pol. 2021
6729,23.67035443853229,0.4041403473377236,12.944929797496277,Dufek,Aleš,SPOLU,KDU-ČSL,2. pol. 2021
6730,-28.165881369453256,-5.134565900776841,-15.250928261135751,Wenzl,Lubomír,ANO2011,ANO,2. pol. 2021
6731,-14.102029675551032,-3.11326213449397,7.042471969478653,Wenzl,Milan,ANO2011,ANO,2. pol. 2021
6732,-28.16567865383389,-5.131319806539181,-15.24527875030678,Mádlová,Ivana,ANO2011,ANO,2. pol. 2021
6733,23.75543432714617,0.398951596174482,13.05424363385115,Major,Martin,SPOLU,ODS,2. pol. 2021
6734,23.685682892125858,0.39512718817973297,12.872461920727085,Liška,Petr,PirSTAN,STAN,2. pol. 2021
6735,23.476877243334165,0.24076580366730194,12.653814316115428,Kuchař,Jan,PirSTAN,STAN,2. pol. 2021
6736,-27.821377009345206,-5.715956458264168,-14.648949741246994,Kukla,Martin,ANO2011,ANO,2. pol. 2021
6737,23.654498106428008,0.4544314356630785,12.867923607594019,Lacina,Jan,PirSTAN,STAN,2. pol. 2021
6738,-24.235246444210535,-3.8587196388782843,-12.14778503923243,Lang,Hubert,ANO2011,ANO,2. pol. 2021
6739,23.67035443853229,0.4041403473377236,12.944929797496277,Letocha,Petr,PirSTAN,STAN,2. pol. 2021
6740,-30.369538965219704,15.332857656222512,-16.94082992771943,Sládeček,Karel,SPD,SPD,2. pol. 2021
6741,23.67035443853229,0.4041403473377236,12.944929797496277,Slavík,Jiří,SPOLU,TOP09,2. pol. 2021
6742,24.921716162063706,1.419161248984358,14.123627782141906,Smetana,Karel,SPOLU,KDU-ČSL,2. pol. 2021
6743,-27.692439500887264,-5.609205142170861,-14.550197640986779,Stržínek,Robert,ANO2011,ANO,2. pol. 2021
6744,23.958847121748125,-2.2292751993364592,12.159696734799404,Salvetr,Rudolf,SPOLU,ODS,2. pol. 2021
6745,-26.842937802541005,15.164950561548299,-15.809211740860155,Pošarová,Marie,SPD,SPD,2. pol. 2021
6746,23.67051855109314,0.4041452086148585,12.94996820162687,Potůčková,Lucie,PirSTAN,STAN,2. pol. 2021
6747,23.67051855109314,0.4041452086148585,12.94996820162687,Exner,Martin,PirSTAN,STAN,2. pol. 2021
6748,24.540788621771053,1.2034393233941294,13.770240032548015,Fifka,Petr,SPOLU,ODS,2. pol. 2021
6749,-31.6567374393431,-9.84160263631845,-18.54356073264721,Fischerová,Romana,ANO2011,ANO,2. pol. 2021
6750,21.710202737790894,0.4067998464817196,12.247667157260285,Flek,Josef,PirSTAN,STAN,2. pol. 2021
6751,23.67035443853229,0.4041403473377236,12.944929797496277,Haas,Karel,SPOLU,ODS,2. pol. 2021
6752,23.67035443853229,0.4041403473377236,12.944929797496277,Hájek,Martin,PirSTAN,STAN,2. pol. 2021
6753,-28.414088363163554,-6.751629194790157,-14.968420662911292,Hanzlíková,Jana,ANO2011,ANO,2. pol. 2021
6754,23.67035443853229,0.4041403473377236,12.944929797496277,Havel,Matěj Ondřej,SPOLU,TOP09,2. pol. 2021
6755,23.535945012146232,1.1918367205864289,13.031356289636,Havránek,Jiří,SPOLU,ODS,2. pol. 2021
6756,-29.313856798893173,-5.866984299391509,-16.477280153365975,Helebrant,Tomáš,ANO2011,ANO,2. pol. 2021
6757,23.67240466775121,0.404072313754435,12.944906365972702,Heller,Šimon,SPOLU,KDU-ČSL,2. pol. 2021
6758,-27.692439500887264,-5.609205142170861,-14.550197640986779,Hendrych,Igor,ANO2011,ANO,2. pol. 2021
6759,23.67035443853229,0.4041403473377236,12.944929797496277,Hofmann,Jan,SPOLU,ODS,2. pol. 2021
6760,-34.92343439441861,4.137335012662711,-20.94892371557721,Holiš,Radim,ANO2011,ANO,2. pol. 2021
6761,23.67035443853229,0.4041403473377236,12.944929797496277,Quittová,Petra,PirSTAN,STAN,2. pol. 2021
6762,23.76565198359753,0.40414040677121027,13.038748354853857,Pivoňka Vaňková,Pavla,PirSTAN,STAN,2. pol. 2021
6763,23.688601501098148,0.29136190341471946,12.976603263784604,Šebelová,Michaela,PirSTAN,STAN,2. pol. 2021
6764,21.73136158858068,0.5112810192317786,12.002130922586783,Jílková,Marie,SPOLU,KDU-ČSL,2. pol. 2021
6765,23.66581232656987,0.33719931479950394,13.078776187600697,Kašník,Pavel,SPOLU,ODS,2. pol. 2021
6766,23.741266959149037,0.4042966047890593,13.016346430098702,Olšáková,Eliška,PirSTAN,STAN,2. pol. 2021
6767,23.471159431763404,1.5397472629706697,12.718898777398996,Opltová,Michaela,PirSTAN,STAN,2. pol. 2021
6768,23.67035443853229,0.4041403473377236,12.944929797496277,Nový,Miloš,SPOLU,TOP09,2. pol. 2021
6769,23.573473000649905,0.9430286673483149,12.846679154798846,Okamura,Hayato,SPOLU,KDU-ČSL,2. pol. 2021
6770,-27.686025664366937,-5.603356757683014,-14.565992938635697,Oulehlová,Renata,ANO2011,ANO,2. pol. 2021
6771,23.676768275052616,0.4099887318255709,12.929134499847361,Naiclerová,Hana,PirSTAN,STAN,2. pol. 2021
6772,23.67035443853229,0.4041403473377236,12.944929797496277,Müller,Tomáš,PirSTAN,STAN,2. pol. 2021
6773,-27.327892960684828,15.654950578066279,-16.502037113133593,Kettner,Zdeněk,SPD,SPD,2. pol. 2021
6774,23.67035443853229,0.4041403473377236,12.944929797496277,Klíma,Pavel,SPOLU,TOP09,2. pol. 2021
6775,-27.7066230246995,-5.636342709686902,-14.532317260666876,Knechtová,Lenka,ANO2011,ANO,2. pol. 2021
6776,23.728930507181467,0.3446406025439749,12.981111938056827,Kocmanová,Klára,PirSTAN,Piráti,2. pol. 2021
6777,24.064373874218052,1.0894874356993103,13.422398653714769,Kohajda,Michael,SPOLU,KDU-ČSL,2. pol. 2021
6778,23.67035443853229,0.4041403473377236,12.944929797496277,Ochodnická,Martina,SPOLU,TOP09,2. pol. 2021
6779,23.755923907517815,0.36781165225020906,12.899964843610627,Lochman,Ondřej,PirSTAN,STAN,2. pol. 2021
6780,-28.055579931758572,-4.578106423245604,-14.552905923250323,Peštová,Berenika,ANO2011,ANO,2. pol. 2021
6781,23.67035443853229,0.4041403473377236,12.944929797496277,Rataj,Michael,PirSTAN,STAN,2. pol. 2021
6782,-28.47320229824277,-4.328021175704513,-15.326472404860063,Ryba,Drahoslav,ANO2011,ANO,2. pol. 2021
6783,-27.19338558374499,15.000071727226707,-16.453529007918863,Síla,Jan,SPD,SPD,2. pol. 2021
6784,23.736776905105685,0.016027728821935813,13.074441341530433,Šimek,David,SPOLU,KDU-ČSL,2. pol. 2021
6785,-26.849158285453644,15.150433437018531,-15.787555347393734,Štefanová,Iveta,SPD,SPD,2. pol. 2021
6786,23.67051855109314,0.4041452086148585,12.94996820162687,Teleky,Róbert,SPOLU,KDU-ČSL,2. pol. 2021
6787,23.67035443853229,0.4041403473377236,12.944929797496277,Turek,Libor,SPOLU,ODS,2. pol. 2021
6788,21.395415346080313,-2.6379974216544895,11.294917173853479,Urbanová,Barbora,PirSTAN,STAN,2. pol. 2021
6789,23.741431573536694,0.4043015578356242,13.021411910825575,Vlček,Lukáš,PirSTAN,STAN,2. pol. 2021
6790,25.52297690339116,2.286930676202072,14.95321261139728,Voborská,Milada,PirSTAN,STAN,2. pol. 2021
6791,23.67035443853229,0.4041403473377236,12.944929797496277,Vojtko,Viktor,PirSTAN,STAN,2. pol. 2021
6792,19.082209200078566,0.2640068892811902,12.29807538949523,Vomáčka,Vít,SPOLU,ODS,2. pol. 2021
6793,23.79157024745268,-0.00816382678259836,13.16565444919016,Zajíčková,Renáta,SPOLU,ODS,2. pol. 2021
6794,23.84765446208104,1.3407888383816084,12.970762114710688,Zborovský,Miroslav,SPOLU,KDU-ČSL,2. pol. 2021
6795,-27.23392751131981,16.61118171348376,-16.86806064043767,Zlínský,Vladimír,SPD,SPD,2. pol. 2021
6796,23.67035443853229,0.4041403473377236,12.944929797496277,Zuna,Michal,SPOLU,TOP09,2. pol. 2021
6797,21.749939836239587,-2.551818100162362,11.683317344938304,Balaš,Vladimír,PirSTAN,STAN,2. pol. 2021
6798,23.67580267210318,0.4048143569398777,12.971762660762206,Hájek,Jiří,PirSTAN,STAN,2. pol. 2021
6799,23.66430900591576,2.013058596044338,12.734426198988666,Kolář,Ondřej,SPOLU,TOP09,2. pol. 2021
6800,23.83399010944793,-0.1724490958336627,13.238144272789553,Král,Václav,SPOLU,ODS,2. pol. 2021
6801,23.486564702017066,0.28518973874754705,12.599480570108605,Navrátil,Jiří,SPOLU,KDU-ČSL,2. pol. 2021
6802,24.045952072990357,0.4850369530915036,12.583880549948615,Svoboda,Pavel,SPOLU,TOP09,2. pol. 2021
6803,23.47408361443919,0.6530905353103019,12.888158132507906,Horák,Jiří,SPOLU,KDU-ČSL,2. pol. 2021
6804,23.781224144014864,0.3884153017988225,13.11097922737919,Němečková Crkvenjaš,Zdenka,SPOLU,ODS,2. pol. 2021
4,23.961742365880678,2.144196679630827,14.30147021662224,Benda,Marek,SPOLU,ODS,1. pol. 2022
207,-26.047531887887626,13.686052923717511,-15.631364987341923,Bašta,Jaroslav,SPD,SPD,1. pol. 2022
346,24.116744762065853,3.347546072302223,13.552680625226053,Bendl,Petr,SPOLU,ODS,1. pol. 2022
5226,23.800842955449866,2.3035702612116506,14.224362427390215,Žáček,Pavel,SPOLU,ODS,1. pol. 2022
5332,23.146375200924854,1.31921833761256,12.463810323982656,Tesařík,Antonín,SPOLU,KDU-ČSL,1. pol. 2022
5379,23.946662826442793,2.0378637758851332,13.042196093783568,Bauer,Jan,SPOLU,ODS,1. pol. 2022
5449,23.263375190240545,0.6234667064729986,12.676454182997295,Carbol,Jiří,SPOLU,KDU-ČSL,1. pol. 2022
5459,-25.89610793075743,14.74221964088787,-15.314418017986844,Fiala,Radim,SPD,SPD,1. pol. 2022
5477,-25.786229042656757,14.033463642495514,-15.816138636189189,Lesenská,Vladimíra,SPD,SPD,1. pol. 2022
5700,23.526117693224506,1.5389902467036207,13.055449236379571,Adamec,Ivan,SPOLU,ODS,1. pol. 2022
5899,24.106482980309018,3.678802510297635,14.188855277163125,Bureš,Jan,SPOLU,ODS,1. pol. 2022
5901,23.607770236716632,1.371621849141614,13.137339406162845,Cogan,Josef,PirSTAN,STAN,1. pol. 2022
5903,24.52784709035302,2.583858307981596,11.921536863615051,Černochová,Jana,SPOLU,ODS,1. pol. 2022
5911,-25.202611106397473,14.615272536133975,-15.186055269782775,Foldyna,Jaroslav,SPD,SPD,1. pol. 2022
5914,22.74084792222633,1.4728545830817035,11.254479520636961,Gazdík,Petr,PirSTAN,STAN,1. pol. 2022
5943,22.90866237873148,1.9683400729240206,12.115282613859232,Langšádlová,Helena,SPOLU,TOP09,1. pol. 2022
5968,23.661489457352726,0.8329498922216746,12.880438254353864,Staněk,Pavel,SPOLU,ODS,1. pol. 2022
5969,24.743787235902698,1.8466976902914776,13.87222629405605,Stanjura,Zbyněk,SPOLU,ODS,1. pol. 2022
6007,23.944456921824063,2.112484194850234,12.977531417027176,Svoboda,Bohuslav,SPOLU,ODS,1. pol. 2022
6074,22.4673478406805,-0.9092724333289981,13.240065537591187,Fiala,Petr,SPOLU,ODS,1. pol. 2022
6079,23.675391193409585,1.7959671532209678,10.923115324128661,Blažek,Pavel,SPOLU,ODS,1. pol. 2022
6105,-25.76905232194208,14.429463750055879,-15.176754892364636,Okamura,Tomio,SPD,SPD,1. pol. 2022
6138,20.770655102974604,-1.4727928949750282,13.329706859558996,Bělobrádek,Pavel,SPOLU,KDU-ČSL,1. pol. 2022
6143,-28.488939728539247,-5.5486255969396465,-15.281659918368847,Berkovec,Stanislav,ANO2011,ANO,1. pol. 2022
6147,23.960892461736155,2.390384791998798,14.312757396150372,Pekarová Adamová,Markéta,SPOLU,TOP09,1. pol. 2022
6150,-27.680406812213104,-6.606909218268413,-1.7951451221631396,Babiš,Andrej,ANO2011,ANO,1. pol. 2022
6154,23.687406053901448,1.9565024396993236,12.801399780122715,Ženíšek,Marek,SPOLU,TOP09,1. pol. 2022
6158,-28.587732290772298,-6.92217842967112,-14.91445689085281,Rais,Karel,ANO2011,ANO,1. pol. 2022
6165,-24.808649528601503,-1.1735573436515865,-14.233089258608603,Vondráček,Radek,ANO2011,ANO,1. pol. 2022
6166,-26.357835957218324,-7.56058343723129,-14.625251775314771,Volný,Jan,ANO2011,ANO,1. pol. 2022
6168,-27.511955200733745,-8.1955861520322,-15.24039987587699,Válková,Helena,ANO2011,ANO,1. pol. 2022
6172,-28.878162463673142,-6.911294855691999,-16.53153961726667,Okleštěk,Ladislav,ANO2011,ANO,1. pol. 2022
6176,23.664507581355362,2.034666312025933,13.92067135675761,Nováková,Nina,SPOLU,KDU-ČSL,1. pol. 2022
6177,-29.106521614306494,-7.096971096115535,-15.50102370327637,Balaštíková,Margita,ANO2011,ANO,1. pol. 2022
6178,23.60532851587283,0.748044929565322,12.79704205142715,Bartošek,Jan,SPOLU,KDU-ČSL,1. pol. 2022
6179,23.64145537973042,1.1085760288520656,11.401801771906511,Benešík,Ondřej,SPOLU,KDU-ČSL,1. pol. 2022
6184,-29.10940437696136,-6.134295361331141,-15.40022681417501,Brabec,Richard,ANO2011,ANO,1. pol. 2022
6185,-29.48558471736782,-7.951657643315154,-16.83513571348685,Brázdil,Milan,ANO2011,ANO,1. pol. 2022
6190,-28.53364698443655,-8.47164505942054,-13.448653203870562,Faltýnek,Jaroslav,ANO2011,ANO,1. pol. 2022
6201,-29.403671821714763,-7.111761881948185,-17.097574010119896,Janulík,Miloslav,ANO2011,ANO,1. pol. 2022
6202,-29.353600935199815,-9.415587760774848,-16.663551959897667,Pokorná Jermanová,Jaroslava,ANO2011,ANO,1. pol. 2022
6205,21.830648483141665,1.0751346940642221,14.311418777342487,Jurečka,Marian,SPOLU,KDU-ČSL,1. pol. 2022
6207,23.553363465710852,1.5152771959948372,13.171256215276225,Kaňkovský,Vít,SPOLU,KDU-ČSL,1. pol. 2022
6209,-30.250864951362484,-6.636403023307731,-17.55904709186941,Kasal,David,ANO2011,ANO,1. pol. 2022
6211,-28.6434701545278,-6.477917875624087,-16.649556771305573,Kolovratník,Martin,ANO2011,ANO,1. pol. 2022
6214,23.309353886368356,1.6488666775285297,13.121589950411936,Kovářová,Věra,PirSTAN,STAN,1. pol. 2022
6215,-28.166211250844956,-6.0705432804251735,-14.855257623606411,Kubíček,Roman,ANO2011,ANO,1. pol. 2022
6216,22.920280578266006,2.909464635001874,11.414780107187019,Kučera,Michal,SPOLU,TOP09,1. pol. 2022
6225,-29.560515061969333,-8.069923665512924,-17.313148814915138,Pastuchová,Jana,ANO2011,ANO,1. pol. 2022
6240,-28.087202794008622,-8.230197562327815,-17.22872129865822,Tureček,Karel,ANO2011,ANO,1. pol. 2022
6246,-27.74404566934322,-6.228326654282717,-13.743367863709404,Kott,Josef,ANO2011,ANO,1. pol. 2022
6254,-29.512150461071943,-7.46530708770095,-16.43279642472326,Adámková,Věra,ANO2011,ANO,1. pol. 2022
6292,24.04733063123438,2.9914542190792215,13.791643359441775,Golasowská,Pavla,SPOLU,KDU-ČSL,1. pol. 2022
6409,-28.80257562178034,-5.953283556428576,-15.186905167043541,Petrtýl,František,ANO2011,ANO,1. pol. 2022
6418,23.78379029351694,2.1701474604216315,13.623962069529243,Skopeček,Jan,SPOLU,ODS,1. pol. 2022
6428,-27.659229086728264,-6.035910040936143,-11.646683024698662,Babišová,Andrea,ANO2011,ANO,1. pol. 2022
6430,-28.900677788572942,-6.744483165969732,-18.058889451961445,Dostálová,Klára,ANO2011,ANO,1. pol. 2022
6431,-29.820221286145497,-8.842547685292903,-16.659647823680476,Dražilová,Lenka,ANO2011,ANO,1. pol. 2022
6433,23.920595480978207,2.964734024305299,14.190627369390615,Bartoš,Ivan,PirSTAN,Piráti,1. pol. 2022
6435,23.747183318789045,1.1750950492185455,13.50155919245706,Baxa,Martin,SPOLU,ODS,1. pol. 2022
6436,23.132120879317245,1.2205954820642086,12.439799620724532,Beitl,Petr,SPOLU,ODS,1. pol. 2022
6437,-28.76736856691696,-7.704970062498953,-15.516118704607088,Bělica,Josef,ANO2011,ANO,1. pol. 2022
6438,23.820412686434832,2.367311932166827,13.109817017603135,Blaha,Stanislav,SPOLU,ODS,1. pol. 2022
6441,-26.43459938529137,-6.613705603028838,-12.865055519114724,Bžoch,Jaroslav,ANO2011,ANO,1. pol. 2022
6445,-26.928602942834534,13.683887630403511,-17.56260227421643,Dvořák,Jaroslav,SPD,SPD,1. pol. 2022
6447,-28.6844870922712,-6.406520279515747,-15.306543381915983,Farhan,Kamal,ANO2011,ANO,1. pol. 2022
6448,-30.125142442169526,-13.777335442914023,-14.722599055429336,Feranec,Milan,ANO2011,ANO,1. pol. 2022
6451,-29.511250034945792,-7.7794118942528545,-16.025648758150407,Fridrich,Stanislav,ANO2011,ANO,1. pol. 2022
6455,-24.115543152010243,15.287020713972813,-13.236550314635773,Hrnčíř,Jan,SPD,SPD,1. pol. 2022
6457,-29.665789070948815,-7.273769984230198,-16.824578846549418,Fialová,Eva,ANO2011,ANO,1. pol. 2022
6458,-28.47623439967923,-7.949558319407649,-12.290274959740495,Jáč,Ivan,ANO2011,ANO,1. pol. 2022
6459,23.644299331060424,2.2999079405064276,13.97698466976024,Janda,Jakub,SPOLU,ODS,1. pol. 2022
6463,-28.393634079338884,-6.5164169521911335,-14.74668072452336,Juchelka,Aleš,ANO2011,ANO,1. pol. 2022
6466,23.007150847892643,-0.024498607579315903,13.942571774264321,Krutáková,Jana,PirSTAN,STAN,1. pol. 2022
6468,-28.78716447016315,-6.369579634568817,-15.009825491562793,Malá,Taťána,ANO2011,ANO,1. pol. 2022
6469,-25.761773420496166,14.450809665630652,-15.459641019911091,Maříková,Karla,SPD,SPD,1. pol. 2022
6471,-28.8271356549232,-6.080090545709806,-15.178542301617936,Mračková Vildumetzová,Jana,ANO2011,ANO,1. pol. 2022
6473,24.134044518130803,2.1673996040797565,14.249937366950805,Richterová,Olga,PirSTAN,Piráti,1. pol. 2022
6474,-29.165139684958813,-6.2700893132419875,-14.900409974601654,Ožanová,Zuzana,ANO2011,ANO,1. pol. 2022
6475,-29.5612389347718,-7.624030880648292,-16.951260565470466,Oborná,Monika,ANO2011,ANO,1. pol. 2022
6477,23.76279854266422,2.295525766632267,12.790378524571011,Michálek,Jakub,PirSTAN,Piráti,1. pol. 2022
6479,-25.888859147439298,14.474805647472854,-15.322464059114537,Šafránková,Lucie,SPD,SPD,1. pol. 2022
6482,24.16511439007874,1.10262624228455,13.177048451666776,Válek,Vlastimil,SPOLU,TOP09,1. pol. 2022
6484,-29.093921502818496,-7.660009328884969,-16.78187882788805,Štolpa,David,ANO2011,ANO,1. pol. 2022
6486,23.758811084040243,2.554757739615742,14.036652268224955,Munzar,Vojtěch,SPOLU,ODS,1. pol. 2022
6487,-29.972575221353075,-7.1767146606373355,-17.3502110469733,Nacher,Patrik,ANO2011,ANO,1. pol. 2022
6490,-29.492807870720053,-7.877050279817437,-16.904849384209207,Vrána,Petr,ANO2011,ANO,1. pol. 2022
6492,-23.47114700600236,-7.704602047889488,-19.39173900510097,Vondrák,Ivo,ANO2011,Nezařazení,1. pol. 2022
6495,-25.895824144476197,14.636113657035795,-15.852148480285432,Vích,Radovan,SPD,SPD,1. pol. 2022
6500,-29.08059060857922,-7.676140018706338,-16.91806330547063,Richter,Jan,ANO2011,ANO,1. pol. 2022
6503,-25.17281047832509,13.039310738151464,-14.44007139857288,Kobza,Jiří,SPD,SPD,1. pol. 2022
6505,-27.358265783006807,-8.195079182145419,-13.294432975223943,Špičák,Julius,ANO2011,ANO,1. pol. 2022
6506,-29.06742013445017,-8.359139610776868,-16.785333285135344,Kohoutek,Tomáš,ANO2011,ANO,1. pol. 2022
6508,-26.140138534277092,14.35014536512296,-15.739807415881298,Koten,Radek,SPD,SPD,1. pol. 2022
6509,-28.746652961308747,-6.571141911543881,-14.853520360535109,Králíček,Robert,ANO2011,ANO,1. pol. 2022
6510,23.60077351964172,1.2437910745367315,12.898721891363033,Krejza,Karel,SPOLU,ODS,1. pol. 2022
6511,-29.307199754643154,-8.416250885659721,-16.610945692130215,Kubík,Jan,ANO2011,ANO,1. pol. 2022
6513,23.572627897842267,1.099625775381788,13.075000006845379,Výborný,Marek,SPOLU,KDU-ČSL,1. pol. 2022
6515,-29.79503778509824,-7.834629863111878,-17.548407759763073,Strýček,Jiří,ANO2011,ANO,1. pol. 2022
6518,-29.296174968880077,-8.308905762271399,-16.51963298439258,Sadovský,Petr,ANO2011,ANO,1. pol. 2022
6520,-27.93168704808713,-6.916288290004078,-13.338274238216545,Růžička,Pavel,ANO2011,ANO,1. pol. 2022
6521,-25.815857387713898,14.061347802692197,-15.438059649668746,Rozvoral,Radek,SPD,SPD,1. pol. 2022
6523,-29.170341541792492,-7.242168443244995,-16.77932996627917,Ratiborský,Michal,ANO2011,ANO,1. pol. 2022
6524,24.735286514531758,3.030556956159705,13.341557411758133,Rakušan,Vít,PirSTAN,STAN,1. pol. 2022
6527,-28.340110142088214,-6.448591837057143,-15.036902885242851,Pražák,David,ANO2011,ANO,1. pol. 2022
6533,-28.29545634707865,-5.260045929397796,-15.138424103804848,Novák,Marek,ANO2011,ANO,1. pol. 2022
6534,-29.20480627982387,-8.5962707964779,-15.850594160318302,Mašek,Jiří,ANO2011,ANO,1. pol. 2022
6538,23.605879359658143,1.0522079445368226,12.615475022523654,Kupka,Martin,SPOLU,ODS,1. pol. 2022
6544,-28.75453460981866,-4.440958074515128,-13.792378955627207,Metnar,Lubomír,ANO2011,ANO,1. pol. 2022
6545,-28.647097258068804,-6.384431001582522,-14.892699094786883,Schillerová,Alena,ANO2011,ANO,1. pol. 2022
6555,23.342909883263637,1.691677677398027,13.796576103020557,Philipp,Tom,SPOLU,KDU-ČSL,1. pol. 2022
6621,-28.854520103457517,-6.73349737564224,-15.371851470294086,Havlíček,Karel,ANO2011,ANO,1. pol. 2022
6623,-27.51861688990759,-5.202155582393037,-15.074236477268459,Babka,Ondřej,ANO2011,ANO,1. pol. 2022
6687,23.6282520973373,1.447610887451611,12.983496885339383,Jakob,Jan,SPOLU,TOP09,1. pol. 2022
6719,23.524874115012874,1.7194955130645249,13.219997985237327,Bačíková,Jana,SPOLU,ODS,1. pol. 2022
6720,23.144001972839792,1.94343931829971,12.523326592064937,Bělohlávková,Romana,SPOLU,KDU-ČSL,1. pol. 2022
6721,23.428114139563686,1.0169510026523767,11.713341954227458,Bělor,Roman,PirSTAN,STAN,1. pol. 2022
6722,22.76707254874686,1.6742296936934555,12.779752117449727,Berki,Jan,PirSTAN,STAN,1. pol. 2022
6723,-28.627428719876555,-5.682657637440445,-15.099100921241336,Berkovcová,Jana,ANO2011,ANO,1. pol. 2022
6724,23.222629738237448,1.5793396116449336,11.471462841006927,Bernard,Josef,PirSTAN,STAN,1. pol. 2022
6725,-29.212910611861663,-6.581273156610908,-15.520541779494977,Brož,Lubomír,ANO2011,ANO,1. pol. 2022
6726,-26.247630182845334,14.100728934642255,-15.77592573212158,Černý,Oldřich,SPD,SPD,1. pol. 2022
6727,23.96323418670872,1.2046159849239988,13.100043861043265,Decroix,Eva,SPOLU,ODS,1. pol. 2022
6728,23.633733494293224,1.2168819462277625,13.279924539013749,Dubský,Tomáš,PirSTAN,STAN,1. pol. 2022
6729,23.90045415386447,0.34652799565475134,13.209125761637793,Dufek,Aleš,SPOLU,KDU-ČSL,1. pol. 2022
6730,-28.99303725479877,-5.776843785533786,-15.368322717747194,Wenzl,Lubomír,ANO2011,ANO,1. pol. 2022
6732,-28.967984537780385,-7.912150892842701,-16.746760498321628,Mádlová,Ivana,ANO2011,ANO,1. pol. 2022
6733,23.96042159610136,2.2106866988349347,14.209464977949137,Major,Martin,SPOLU,ODS,1. pol. 2022
6734,23.7349397291737,1.4853175821307665,13.149559986268308,Liška,Petr,PirSTAN,STAN,1. pol. 2022
6735,22.65129038908059,1.0617108227161218,11.86639123285069,Kuchař,Jan,PirSTAN,STAN,1. pol. 2022
6736,-29.02650170390782,-6.056893039783925,-15.408559902316993,Kukla,Martin,ANO2011,ANO,1. pol. 2022
6737,23.21986693112207,0.8934267852242505,12.334240969040497,Lacina,Jan,PirSTAN,STAN,1. pol. 2022
6738,-29.187108369499022,-6.637593229983788,-15.590308143321176,Lang,Hubert,ANO2011,ANO,1. pol. 2022
6739,23.54564109617703,1.545222853841114,12.842432951590151,Letocha,Petr,PirSTAN,STAN,1. pol. 2022
6740,-26.02786507144859,14.152365822723178,-15.806294278259658,Sládeček,Karel,SPD,SPD,1. pol. 2022
6741,23.719505983375523,1.3804633496177543,13.208924637552139,Slavík,Jiří,SPOLU,TOP09,1. pol. 2022
6742,22.999908190449048,1.2605386668617333,12.73650912287457,Smetana,Karel,SPOLU,KDU-ČSL,1. pol. 2022
6743,-28.18742515494202,-5.437923711047139,-17.467746416766822,Stržínek,Robert,ANO2011,ANO,1. pol. 2022
6744,23.805596327329585,2.339669200482155,14.146912810580229,Salvetr,Rudolf,SPOLU,ODS,1. pol. 2022
6745,-25.808699371696928,14.000021760198607,-15.746472723985201,Pošarová,Marie,SPD,SPD,1. pol. 2022
6746,23.61712405382755,0.9723555657238203,12.902669442249053,Potůčková,Lucie,PirSTAN,STAN,1. pol. 2022
6747,23.918442867883698,2.6460109109005394,14.27929234071861,Exner,Martin,PirSTAN,STAN,1. pol. 2022
6748,22.831443177773057,0.43134643877217005,13.766554217534656,Fifka,Petr,SPOLU,ODS,1. pol. 2022
6749,-28.641078042768186,-6.729714648379652,-14.866650083119946,Fischerová,Romana,ANO2011,ANO,1. pol. 2022
6750,22.85244637804265,0.06538890977531117,12.621144701594543,Flek,Josef,PirSTAN,STAN,1. pol. 2022
6751,23.75711238181354,2.0838301570078683,13.02641039071158,Haas,Karel,SPOLU,ODS,1. pol. 2022
6752,23.49646856895765,1.1883032170157406,13.28316553004251,Hájek,Martin,PirSTAN,STAN,1. pol. 2022
6753,-29.561047894626544,-7.786412143608071,-17.03119941717555,Hanzlíková,Jana,ANO2011,ANO,1. pol. 2022
6754,23.88475617616551,1.428208805790358,13.470332281858305,Havel,Matěj Ondřej,SPOLU,TOP09,1. pol. 2022
6755,23.373973551317146,1.5710417954876175,13.003370181128492,Havránek,Jiří,SPOLU,ODS,1. pol. 2022
6756,-29.205300025708997,-6.216478584997897,-15.481859163259807,Helebrant,Tomáš,ANO2011,ANO,1. pol. 2022
6757,23.682827312499562,0.322063868817152,12.652598633050543,Heller,Šimon,SPOLU,KDU-ČSL,1. pol. 2022
6758,-29.463439950076125,-8.64799418093578,-16.84576725701217,Hendrych,Igor,ANO2011,ANO,1. pol. 2022
6759,23.55679934299946,1.3165316429145861,12.8392583071265,Hofmann,Jan,SPOLU,ODS,1. pol. 2022
6761,23.483829127359797,0.5643574565955929,14.211526812380843,Quittová,Petra,PirSTAN,STAN,1. pol. 2022
6762,23.53387298707305,1.3800095392288807,13.35328485190572,Pivoňka Vaňková,Pavla,PirSTAN,STAN,1. pol. 2022
6763,23.643365031328607,1.2315437802226383,13.16216079554131,Šebelová,Michaela,PirSTAN,STAN,1. pol. 2022
6764,23.787741155699113,1.4478683368871736,12.942968497558914,Jílková,Marie,SPOLU,KDU-ČSL,1. pol. 2022
6765,23.806607475405904,3.871521218294444,13.680573488057757,Kašník,Pavel,SPOLU,ODS,1. pol. 2022
6766,23.882169007524602,1.3663601572364399,13.26785554872817,Olšáková,Eliška,PirSTAN,STAN,1. pol. 2022
6767,24.251430982044923,2.1454347143595913,14.149397098488333,Opltová,Michaela,PirSTAN,STAN,1. pol. 2022
6768,23.48188936694989,0.9254321503386563,13.084873045676458,Nový,Miloš,SPOLU,TOP09,1. pol. 2022
6769,23.361552716132206,1.360320364950103,12.874146251128723,Okamura,Hayato,SPOLU,KDU-ČSL,1. pol. 2022
6770,-29.553201885657266,-8.708507368881202,-16.7165458337599,Oulehlová,Renata,ANO2011,ANO,1. pol. 2022
6771,23.44354184819455,1.9398896948721411,12.636491801754412,Naiclerová,Hana,PirSTAN,STAN,1. pol. 2022
6772,23.656024947812686,1.2866691099138265,13.271492484403144,Müller,Tomáš,PirSTAN,STAN,1. pol. 2022
6773,-26.341308749062044,14.015864368662916,-15.898899515425043,Kettner,Zdeněk,SPD,SPD,1. pol. 2022
6774,24.04951099126007,0.9991564375197725,13.437519229205085,Klíma,Pavel,SPOLU,TOP09,1. pol. 2022
6775,-29.034965959109744,-5.213224772856382,-13.88900659621521,Knechtová,Lenka,ANO2011,ANO,1. pol. 2022
6776,24.1791061248497,2.8952805359546168,14.349835582394432,Kocmanová,Klára,PirSTAN,Piráti,1. pol. 2022
6777,23.52885622689822,1.4445333563118352,13.15859111397886,Kohajda,Michael,SPOLU,KDU-ČSL,1. pol. 2022
6778,23.77119748324553,1.2382002052067234,13.169329798512312,Ochodnická,Martina,SPOLU,TOP09,1. pol. 2022
6779,23.96129197379718,1.6980534428616711,13.228070394199657,Lochman,Ondřej,PirSTAN,STAN,1. pol. 2022
6780,-28.23450773945997,-5.156627432191758,-15.003165422829756,Peštová,Berenika,ANO2011,ANO,1. pol. 2022
6781,23.386909506478172,1.6543714875442967,13.293925202121047,Rataj,Michael,PirSTAN,STAN,1. pol. 2022
6782,-28.91309329046428,-6.274347218855096,-15.14002470110088,Ryba,Drahoslav,ANO2011,ANO,1. pol. 2022
6783,-26.42359086506184,13.860152681459928,-15.940011416974468,Síla,Jan,SPD,SPD,1. pol. 2022
6784,24.189107654688065,2.5909898917079457,14.315572007639215,Šimek,David,SPOLU,KDU-ČSL,1. pol. 2022
6785,-26.007684610148836,14.661401211716635,-15.742520226122197,Štefanová,Iveta,SPD,SPD,1. pol. 2022
6786,23.64635773443545,0.9914683079749789,12.934078122878166,Teleky,Róbert,SPOLU,KDU-ČSL,1. pol. 2022
6787,23.39809960342298,1.4175382996811274,12.83077962306513,Turek,Libor,SPOLU,ODS,1. pol. 2022
6788,24.10641278555858,1.7820640992148342,13.437767956450791,Urbanová,Barbora,PirSTAN,STAN,1. pol. 2022
6789,24.316648506845983,1.4985598871142285,13.606910115091772,Vlček,Lukáš,PirSTAN,STAN,1. pol. 2022
6790,23.940605971014215,2.303293026945939,14.317083885703418,Voborská,Milada,PirSTAN,STAN,1. pol. 2022
6791,23.748898228103247,1.9729074529170803,13.144090261279896,Vojtko,Viktor,PirSTAN,STAN,1. pol. 2022
6792,23.875665031231332,0.9477263733552409,13.33882754724323,Vomáčka,Vít,SPOLU,ODS,1. pol. 2022
6793,23.82929541428538,1.4216792743791697,13.255778876051524,Zajíčková,Renáta,SPOLU,ODS,1. pol. 2022
6794,23.293154658084177,0.6983326194898476,12.596329043867076,Zborovský,Miroslav,SPOLU,KDU-ČSL,1. pol. 2022
6795,-25.655271684522127,14.469851246260914,-15.804240965351454,Zlínský,Vladimír,SPD,SPD,1. pol. 2022
6796,23.503183350322196,1.6195321835724863,12.709737595811498,Zuna,Michal,SPOLU,TOP09,1. pol. 2022
6797,23.975620019531682,1.9059667435284833,13.239453637812769,Balaš,Vladimír,PirSTAN,STAN,1. pol. 2022
6798,23.155021973633954,0.5188007828212734,13.954468775804546,Hájek,Jiří,PirSTAN,STAN,1. pol. 2022
6799,23.70375874014873,1.4711307688313862,12.980134693217344,Kolář,Ondřej,SPOLU,TOP09,1. pol. 2022
6800,24.217890838284255,1.9680248384277947,14.712129916148719,Král,Václav,SPOLU,ODS,1. pol. 2022
6801,23.846417727578572,2.094595290784433,13.256698462529153,Navrátil,Jiří,SPOLU,KDU-ČSL,1. pol. 2022
6802,23.499202837891822,1.7318789718630403,11.947970513615456,Svoboda,Pavel,SPOLU,TOP09,1. pol. 2022
6803,23.701028288403077,1.7696579059984328,13.842913441885136,Horák,Jiří,SPOLU,KDU-ČSL,1. pol. 2022
6804,22.93688068476038,2.448893364284644,14.23254622161094,Němečková Crkvenjaš,Zdenka,SPOLU,ODS,1. pol. 2022
6809,24.41646589742153,2.4842635919057274,14.116951974382655,Levko,Jarmila,STAN,STAN,1. pol. 2022
4,21.44952666059876,-0.03253225510556539,12.325691627167046,Benda,Marek,SPOLU,ODS,2. pol. 2022
207,-25.982314934235355,13.233723248475268,-17.833879579578927,Bašta,Jaroslav,SPD,SPD,2. pol. 2022
346,22.87819159761215,1.3598115723149797,12.746391435513178,Bendl,Petr,SPOLU,ODS,2. pol. 2022
5226,22.356433900626662,1.2726873573679331,13.648414295041297,Žáček,Pavel,SPOLU,ODS,2. pol. 2022
5332,22.440986729340285,0.04039126346725762,13.456962500841795,Tesařík,Antonín,SPOLU,KDU-ČSL,2. pol. 2022
5379,22.987744081820992,-0.13660500580297083,14.132321388684955,Bauer,Jan,SPOLU,ODS,2. pol. 2022
5449,22.37617848591588,0.03652903412917463,13.59753828965483,Carbol,Jiří,SPOLU,KDU-ČSL,2. pol. 2022
5459,-25.887073772487966,15.663861147822379,-18.54273643672934,Fiala,Radim,SPD,SPD,2. pol. 2022
5477,-26.238691510883882,13.288069211686848,-17.436857432459586,Lesenská,Vladimíra,SPD,SPD,2. pol. 2022
5700,21.978313029708346,-0.9915566024413678,12.525883785491391,Adamec,Ivan,SPOLU,ODS,2. pol. 2022
5899,22.04696102084397,0.1123258859891001,14.12197477640491,Bureš,Jan,SPOLU,ODS,2. pol. 2022
5901,22.426128981987347,0.47765369168771704,13.414047846203665,Cogan,Josef,PirSTAN,STAN,2. pol. 2022
5903,21.70043406085103,0.9985730594916853,14.454717378515552,Černochová,Jana,SPOLU,ODS,2. pol. 2022
5911,-26.816552784030872,14.87055029268701,-17.886565075802928,Foldyna,Jaroslav,SPD,SPD,2. pol. 2022
5914,21.73640628151419,-0.4041771898716308,13.367114447050003,Gazdík,Petr,PirSTAN,STAN,2. pol. 2022
5943,22.0028079034536,0.7651012480402839,13.948819081663006,Langšádlová,Helena,SPOLU,TOP09,2. pol. 2022
5968,22.311897911129027,0.3728554579983136,13.697344347318214,Staněk,Pavel,SPOLU,ODS,2. pol. 2022
5969,22.561432098987183,0.8230908959957496,13.355612218451697,Stanjura,Zbyněk,SPOLU,ODS,2. pol. 2022
6007,22.3697990901488,-0.09024606757966303,13.921693049747544,Svoboda,Bohuslav,SPOLU,ODS,2. pol. 2022
6074,22.155548385038596,-0.7935549632859062,13.988007395937071,Fiala,Petr,SPOLU,ODS,2. pol. 2022
6079,21.108765648817084,0.0871843856546291,13.938667544235779,Blažek,Pavel,SPOLU,ODS,2. pol. 2022
6105,-26.603232253379748,13.26045505813516,-17.775907321753156,Okamura,Tomio,SPD,SPD,2. pol. 2022
6138,21.84086636809135,-0.14497527668047622,13.250590227895557,Bělobrádek,Pavel,SPOLU,KDU-ČSL,2. pol. 2022
6143,-27.929904030630762,-3.7029150195790193,-16.041520412178766,Berkovec,Stanislav,ANO2011,ANO,2. pol. 2022
6147,21.613773390012092,-0.613055804221536,12.656889019980776,Pekarová Adamová,Markéta,SPOLU,TOP09,2. pol. 2022
6154,21.79356753371854,2.695777334882867,12.928882172617396,Ženíšek,Marek,SPOLU,TOP09,2. pol. 2022
6158,-28.106995812103886,-3.8634302886624443,-17.177527125674054,Rais,Karel,ANO2011,ANO,2. pol. 2022
6165,-25.332399551215232,-4.997511538160631,-13.925163058061896,Vondráček,Radek,ANO2011,ANO,2. pol. 2022
6166,-26.41393294381467,-3.1577516734575335,-16.635267738412576,Volný,Jan,ANO2011,ANO,2. pol. 2022
6168,-27.136069582429737,-2.198321069135948,-18.094037464105977,Válková,Helena,ANO2011,ANO,2. pol. 2022
6172,-28.207172097023523,-3.5868412960982723,-17.010915277046013,Okleštěk,Ladislav,ANO2011,ANO,2. pol. 2022
6176,22.49733900145361,-0.0945545955682631,13.584767325210173,Nováková,Nina,SPOLU,KDU-ČSL,2. pol. 2022
6177,-28.178843997727547,-2.328325106412894,-17.428389116512946,Balaštíková,Margita,ANO2011,ANO,2. pol. 2022
6178,21.519596325598727,-1.2397452403865297,13.508612089972658,Bartošek,Jan,SPOLU,KDU-ČSL,2. pol. 2022
6179,22.14406336075072,-1.6533436785193276,13.571261190152883,Benešík,Ondřej,SPOLU,KDU-ČSL,2. pol. 2022
6184,-27.35268942850438,-3.580227240557912,-16.12334407456511,Brabec,Richard,ANO2011,ANO,2. pol. 2022
6185,-28.718232914592765,-4.392638196339593,-16.88037036676437,Brázdil,Milan,ANO2011,ANO,2. pol. 2022
6190,-27.749429592490124,-6.3233382988032965,-17.787788317031207,Faltýnek,Jaroslav,ANO2011,ANO,2. pol. 2022
6201,-28.085590590503138,-6.1025980295260105,-15.785094669229741,Janulík,Miloslav,ANO2011,ANO,2. pol. 2022
6202,-28.018221924360564,-2.0061607290904075,-15.712178316513446,Pokorná Jermanová,Jaroslava,ANO2011,ANO,2. pol. 2022
6205,22.073619982797663,-0.3157851032009946,13.587073282305393,Jurečka,Marian,SPOLU,KDU-ČSL,2. pol. 2022
6207,22.367014550863495,-0.20429661744248473,13.57024063865636,Kaňkovský,Vít,SPOLU,KDU-ČSL,2. pol. 2022
6209,-29.73718913693595,-0.32522571301415415,-19.473000712151837,Kasal,David,ANO2011,ANO,2. pol. 2022
6211,-27.295005989757353,-2.9306405755703424,-16.787723038018896,Kolovratník,Martin,ANO2011,ANO,2. pol. 2022
6214,22.315470618950997,0.21715662437719266,13.534203510762506,Kovářová,Věra,PirSTAN,STAN,2. pol. 2022
6215,-27.515139768687295,-4.995988909002076,-15.037756756323132,Kubíček,Roman,ANO2011,ANO,2. pol. 2022
6216,22.06635373285789,1.2647338990345827,12.966977743091594,Kučera,Michal,SPOLU,TOP09,2. pol. 2022
6225,-28.04489490464115,-4.924760668880676,-16.667913055127027,Pastuchová,Jana,ANO2011,ANO,2. pol. 2022
6240,-27.248472737961716,-2.88702678999623,-17.19091409839931,Tureček,Karel,ANO2011,ANO,2. pol. 2022
6246,-27.04715883283681,-5.495602388935688,-14.857939441529739,Kott,Josef,ANO2011,ANO,2. pol. 2022
6254,-28.15807392299656,-5.276781259029173,-15.04818239868845,Adámková,Věra,ANO2011,ANO,2. pol. 2022
6292,22.841712251072316,-0.6015456645226197,14.820538645013583,Golasowská,Pavla,SPOLU,KDU-ČSL,2. pol. 2022
6409,-27.5765517180096,-5.115686596506567,-14.889951701904037,Petrtýl,František,ANO2011,ANO,2. pol. 2022
6418,22.340135349928705,1.2721349302617646,13.79861498308568,Skopeček,Jan,SPOLU,ODS,2. pol. 2022
6428,-27.523931013526983,-9.877957109014957,-16.01257957966989,Babišová,Andrea,ANO2011,ANO,2. pol. 2022
6430,-28.258034728119583,-4.952882892600458,-16.842071209153133,Dostálová,Klára,ANO2011,ANO,2. pol. 2022
6431,-28.256273185918126,-8.204292877158354,-15.816384599966804,Dražilová,Lenka,ANO2011,ANO,2. pol. 2022
6433,21.731868072874004,-2.078165222761789,13.571904444318953,Bartoš,Ivan,PirSTAN,Piráti,2. pol. 2022
6435,21.907193649860794,0.7775324089673814,13.020182808085073,Baxa,Martin,SPOLU,ODS,2. pol. 2022
6436,21.8661858603942,1.0778817554917808,11.90435685646996,Beitl,Petr,SPOLU,ODS,2. pol. 2022
6437,-26.786077826505675,-3.946748354318628,-18.33080727317094,Bělica,Josef,ANO2011,ANO,2. pol. 2022
6438,22.968889050962968,-1.2015685938344742,14.136906170294502,Blaha,Stanislav,SPOLU,ODS,2. pol. 2022
6441,-25.68737824359287,-8.007270662676019,-12.38951947637152,Bžoch,Jaroslav,ANO2011,ANO,2. pol. 2022
6445,-26.638632779923487,12.905879680139396,-17.741001359964176,Dvořák,Jaroslav,SPD,SPD,2. pol. 2022
6447,-28.340446876936024,-4.6002599084004805,-16.287060780968286,Farhan,Kamal,ANO2011,ANO,2. pol. 2022
6448,-27.73716423572247,-6.118851579629312,-14.258466897272731,Feranec,Milan,ANO2011,ANO,2. pol. 2022
6451,-26.5348807271133,-3.2073773498294242,-15.449778111164205,Fridrich,Stanislav,ANO2011,ANO,2. pol. 2022
6455,-26.555145125958067,12.986401477045861,-17.933942979089228,Hrnčíř,Jan,SPD,SPD,2. pol. 2022
6457,-28.371368634780207,-2.8199630950276537,-16.252874712094822,Fialová,Eva,ANO2011,ANO,2. pol. 2022
6458,-28.453220575950986,-4.861171797719621,-17.17267244485363,Jáč,Ivan,ANO2011,ANO,2. pol. 2022
6459,22.490470846027392,0.2212246430904429,13.634697537662367,Janda,Jakub,SPOLU,ODS,2. pol. 2022
6463,-26.80795747729282,-5.417547805534021,-14.962960898470365,Juchelka,Aleš,ANO2011,ANO,2. pol. 2022
6466,22.831982859087642,-1.80998470512721,15.13521342873395,Krutáková,Jana,PirSTAN,STAN,2. pol. 2022
6468,-27.93006308720536,-3.2457127834478596,-16.400436745394583,Malá,Taťána,ANO2011,ANO,2. pol. 2022
6469,-26.509417192963813,13.27746032367781,-17.316271719687425,Maříková,Karla,SPD,SPD,2. pol. 2022
6471,-28.480319120503744,-5.401217094263172,-15.940693071066358,Mračková Vildumetzová,Jana,ANO2011,ANO,2. pol. 2022
6473,22.291082540937577,0.06921177985068429,13.102103643158054,Richterová,Olga,PirSTAN,Piráti,2. pol. 2022
6474,-28.268459472630703,-3.0509278535744513,-17.041259749531328,Ožanová,Zuzana,ANO2011,ANO,2. pol. 2022
6475,-28.45507432756536,-6.023925998900556,-16.613648342390317,Oborná,Monika,ANO2011,ANO,2. pol. 2022
6477,22.29904615891431,0.7751011471313336,12.979640151001005,Michálek,Jakub,PirSTAN,Piráti,2. pol. 2022
6479,-26.61540551746957,13.11135181757314,-17.33128534509764,Šafránková,Lucie,SPD,SPD,2. pol. 2022
6482,22.42531917589638,-0.7866860669158208,14.53637952809953,Válek,Vlastimil,SPOLU,TOP09,2. pol. 2022
6484,-28.163622470757502,-5.358363257235603,-16.122050713608388,Štolpa,David,ANO2011,ANO,2. pol. 2022
6486,23.40364411017929,0.6253350868636992,13.819312918418786,Munzar,Vojtěch,SPOLU,ODS,2. pol. 2022
6487,-28.21859072228766,0.9518525781426332,-19.123671317743852,Nacher,Patrik,ANO2011,ANO,2. pol. 2022
6490,-28.598342794123624,-4.774871592668489,-17.730878970251272,Vrána,Petr,ANO2011,ANO,2. pol. 2022
6492,-21.969503991019195,-2.337514445425224,-20.22864539184394,Vondrák,Ivo,ANO2011,Nezařazení,2. pol. 2022
6495,-26.860011714640574,13.700154841445896,-18.003934850164953,Vích,Radovan,SPD,SPD,2. pol. 2022
6500,-27.884068786764892,-6.654829924843622,-16.879267987298313,Richter,Jan,ANO2011,ANO,2. pol. 2022
6503,-26.170352871120894,13.592505929807906,-16.6327699551315,Kobza,Jiří,SPD,SPD,2. pol. 2022
6505,-26.884265700484185,-3.576573346677357,-16.121321570410444,Špičák,Julius,ANO2011,ANO,2. pol. 2022
6506,-27.373932105385304,-4.844720066821388,-17.521174754286683,Kohoutek,Tomáš,ANO2011,ANO,2. pol. 2022
6508,-25.204962990769026,13.507567016184346,-16.28616904359659,Koten,Radek,SPD,SPD,2. pol. 2022
6509,-27.47859962745053,-5.546050359648515,-14.992705854457821,Králíček,Robert,ANO2011,ANO,2. pol. 2022
6510,22.322757894601168,-0.2519184638867751,13.719728799684958,Krejza,Karel,SPOLU,ODS,2. pol. 2022
6511,-28.870249349766517,-3.2533968459898377,-18.42929701023804,Kubík,Jan,ANO2011,ANO,2. pol. 2022
6513,22.41290811343039,0.5257222877601841,13.475360292071475,Výborný,Marek,SPOLU,KDU-ČSL,2. pol. 2022
6515,-28.54167789823393,-4.437476319549813,-16.83164935257898,Strýček,Jiří,ANO2011,ANO,2. pol. 2022
6518,-28.47687926049753,-4.695108812964834,-16.73994021601124,Sadovský,Petr,ANO2011,ANO,2. pol. 2022
6520,-27.75244914886604,-4.933924084635911,-16.388150822767532,Růžička,Pavel,ANO2011,ANO,2. pol. 2022
6521,-26.235536198825642,12.925821900708367,-16.992765751687617,Rozvoral,Radek,SPD,SPD,2. pol. 2022
6523,-27.61233054314119,-4.120862553425699,-16.200319120429857,Ratiborský,Michal,ANO2011,ANO,2. pol. 2022
6524,22.46847688174348,-1.422437674415999,15.135488326006177,Rakušan,Vít,PirSTAN,STAN,2. pol. 2022
6527,-26.59301206278415,-5.298544929601193,-15.478394343500337,Pražák,David,ANO2011,ANO,2. pol. 2022
6533,-26.95843512983845,-2.903793542833423,-16.443959574956175,Novák,Marek,ANO2011,ANO,2. pol. 2022
6534,-28.32453071855635,-4.855155133250512,-16.99561814484627,Mašek,Jiří,ANO2011,ANO,2. pol. 2022
6538,22.816351777239586,1.245392011094931,13.734847333863986,Kupka,Martin,SPOLU,ODS,2. pol. 2022
6544,-27.822794367279386,-2.963951027665927,-15.710079278746802,Metnar,Lubomír,ANO2011,ANO,2. pol. 2022
6545,-28.12766733946443,-4.24136997487705,-16.34021619258693,Schillerová,Alena,ANO2011,ANO,2. pol. 2022
6555,22.142947424652828,0.19944960568250708,13.30738247708178,Philipp,Tom,SPOLU,KDU-ČSL,2. pol. 2022
6621,-27.91451202398716,-3.211998977072892,-17.047545178823494,Havlíček,Karel,ANO2011,ANO,2. pol. 2022
6623,-26.320939173036816,-5.554165347271246,-14.365930170174801,Babka,Ondřej,ANO2011,ANO,2. pol. 2022
6687,22.492009355954053,0.6014214298540626,13.493725147811647,Jakob,Jan,SPOLU,TOP09,2. pol. 2022
6719,22.225483623707373,0.7948526433699373,13.541334170703646,Bačíková,Jana,SPOLU,ODS,2. pol. 2022
6720,21.868809889518896,0.14990634688703758,12.764604468162226,Bělohlávková,Romana,SPOLU,KDU-ČSL,2. pol. 2022
6721,21.80702163605905,1.2623597933496586,12.84918344269664,Bělor,Roman,PirSTAN,STAN,2. pol. 2022
6722,21.760815303786863,-0.13146500527409996,13.00216169347288,Berki,Jan,PirSTAN,STAN,2. pol. 2022
6723,-27.52155416848216,-3.23623060668706,-17.57653882625863,Berkovcová,Jana,ANO2011,ANO,2. pol. 2022
6724,22.22571863326283,-0.7079002499743956,13.789790860346843,Bernard,Josef,PirSTAN,STAN,2. pol. 2022
6725,-28.316190803660486,-4.604189048770155,-16.736325352732592,Brož,Lubomír,ANO2011,ANO,2. pol. 2022
6726,-26.231984065387916,12.837081083886021,-16.976996518128136,Černý,Oldřich,SPD,SPD,2. pol. 2022
6727,22.494555491854616,-0.5564602002982517,13.76979526090196,Decroix,Eva,SPOLU,ODS,2. pol. 2022
6728,22.481357049751786,-0.24343893375793213,13.779693326608728,Dubský,Tomáš,PirSTAN,STAN,2. pol. 2022
6729,22.16007027793107,-0.2831672569552026,13.516334448708998,Dufek,Aleš,SPOLU,KDU-ČSL,2. pol. 2022
6730,-27.90486779129837,-5.599523100889348,-14.971507479572532,Wenzl,Lubomír,ANO2011,ANO,2. pol. 2022
6732,-26.747735413323696,-6.692136897630446,-14.287300057035203,Mádlová,Ivana,ANO2011,ANO,2. pol. 2022
6733,22.577930605803854,0.16215633423245107,13.50672053761457,Major,Martin,SPOLU,ODS,2. pol. 2022
6734,22.045018892489733,-0.2987004466768057,13.309078044955937,Liška,Petr,PirSTAN,STAN,2. pol. 2022
6735,20.79057460832107,0.6530825830702183,12.227082664369664,Kuchař,Jan,PirSTAN,STAN,2. pol. 2022
6736,-28.154971858280746,-3.938745424653427,-16.3859581177852,Kukla,Martin,ANO2011,ANO,2. pol. 2022
6737,22.26929287314983,-0.19719898939743885,13.567029397709247,Lacina,Jan,PirSTAN,STAN,2. pol. 2022
6738,-28.330225286997255,-4.329268644534614,-16.566246385594713,Lang,Hubert,ANO2011,ANO,2. pol. 2022
6739,22.360137301970347,-0.4500598231756723,13.755854766729842,Letocha,Petr,PirSTAN,STAN,2. pol. 2022
6740,-26.617444308058783,13.256499731634767,-18.35431773779182,Sládeček,Karel,SPD,SPD,2. pol. 2022
6741,22.21431463876781,0.09327581417514948,13.429697599739356,Slavík,Jiří,SPOLU,TOP09,2. pol. 2022
6742,22.14106422708311,0.0353540126281543,13.857673066999407,Smetana,Karel,SPOLU,KDU-ČSL,2. pol. 2022
6743,-28.46108771572911,-2.4981473419537203,-16.683551563642105,Stržínek,Robert,ANO2011,ANO,2. pol. 2022
6744,22.260431283346115,0.23840135554965586,13.69718656022644,Salvetr,Rudolf,SPOLU,ODS,2. pol. 2022
6745,-25.77787223065145,13.877161599531153,-16.31063379208743,Pošarová,Marie,SPD,SPD,2. pol. 2022
6746,21.590246957975165,1.6088275861428492,12.502880525494737,Potůčková,Lucie,PirSTAN,STAN,2. pol. 2022
6747,21.70585246887972,0.2901938924908782,11.582537577222864,Exner,Martin,PirSTAN,STAN,2. pol. 2022
6748,21.9874363137246,-0.23364118738872736,13.530615269356527,Fifka,Petr,SPOLU,ODS,2. pol. 2022
6749,-28.454466328285097,-2.8891656697520154,-18.054868136423448,Fischerová,Romana,ANO2011,ANO,2. pol. 2022
6750,21.204396414502728,-0.1806745941980755,12.603672021109173,Flek,Josef,PirSTAN,STAN,2. pol. 2022
6751,22.555592821428313,0.9153204551049344,13.641014160479383,Haas,Karel,SPOLU,ODS,2. pol. 2022
6752,22.58328931375055,1.49711885705453,13.155875066762274,Hájek,Martin,PirSTAN,STAN,2. pol. 2022
6753,-28.505209499216228,-2.7878219201945074,-16.979981413993094,Hanzlíková,Jana,ANO2011,ANO,2. pol. 2022
6754,22.544898454523935,0.37332737650293724,13.59315321003071,Havel,Matěj Ondřej,SPOLU,TOP09,2. pol. 2022
6755,22.45107395382866,0.6124619376482929,14.062799675410254,Havránek,Jiří,SPOLU,ODS,2. pol. 2022
6756,-28.49649137040341,-3.9375879441588726,-16.503946462747557,Helebrant,Tomáš,ANO2011,ANO,2. pol. 2022
6757,22.11660759088986,-0.5991195099777946,13.548386074395268,Heller,Šimon,SPOLU,KDU-ČSL,2. pol. 2022
6758,-27.577812996825326,-2.777621442354898,-15.180223893696205,Hendrych,Igor,ANO2011,ANO,2. pol. 2022
6759,22.05072334830115,1.2136883917121697,13.073717069600315,Hofmann,Jan,SPOLU,ODS,2. pol. 2022
6761,22.12578328024574,1.1451915166181776,13.564366661068766,Quittová,Petra,PirSTAN,STAN,2. pol. 2022
6762,22.36756749700981,-1.8001678819306517,13.543043469529918,Pivoňka Vaňková,Pavla,PirSTAN,STAN,2. pol. 2022
6763,22.625379860804564,1.1597361496020628,12.903207370886554,Šebelová,Michaela,PirSTAN,STAN,2. pol. 2022
6764,22.112840310420772,0.4826033672064264,13.155283071727112,Jílková,Marie,SPOLU,KDU-ČSL,2. pol. 2022
6765,22.71770216387472,0.7212799052469748,13.866236514897883,Kašník,Pavel,SPOLU,ODS,2. pol. 2022
6766,22.436641007301002,-0.17466074135701348,13.406517947409167,Olšáková,Eliška,PirSTAN,STAN,2. pol. 2022
6767,22.38324960713319,1.1070782244980488,13.503387468308658,Opltová,Michaela,PirSTAN,STAN,2. pol. 2022
6768,22.3053053312924,0.4634554797352151,13.950498985446115,Nový,Miloš,SPOLU,TOP09,2. pol. 2022
6769,22.61579008441991,0.012166216575348027,13.67722787938564,Okamura,Hayato,SPOLU,KDU-ČSL,2. pol. 2022
6770,-28.156657673653672,-7.339620529456147,-15.52110671053323,Oulehlová,Renata,ANO2011,ANO,2. pol. 2022
6771,22.521555822761506,0.051604366622897045,14.154207610445729,Naiclerová,Hana,PirSTAN,STAN,2. pol. 2022
6772,22.403360503818845,-0.05138659229697299,13.353345469838086,Müller,Tomáš,PirSTAN,STAN,2. pol. 2022
6773,-25.1913722904314,12.699767987048258,-16.352262033743468,Kettner,Zdeněk,SPD,SPD,2. pol. 2022
6774,22.076591692383417,1.297645216875561,13.343875129202099,Klíma,Pavel,SPOLU,TOP09,2. pol. 2022
6775,-28.231774053589543,-4.706797811385967,-16.062000676794163,Knechtová,Lenka,ANO2011,ANO,2. pol. 2022
6776,22.32730106000784,0.8959435917778905,13.480377633899481,Kocmanová,Klára,PirSTAN,Piráti,2. pol. 2022
6777,22.396801489079362,0.13105828828195484,13.539329184137511,Kohajda,Michael,SPOLU,KDU-ČSL,2. pol. 2022
6778,22.412081402086702,0.6040911843341649,13.432689416822171,Ochodnická,Martina,SPOLU,TOP09,2. pol. 2022
6779,22.306333215782267,0.8016648505936782,13.667194108451408,Lochman,Ondřej,PirSTAN,STAN,2. pol. 2022
6780,-28.19442663660256,-2.42806724137899,-17.008063732765876,Peštová,Berenika,ANO2011,ANO,2. pol. 2022
6781,22.387934209382436,0.09054835654959525,13.398937219917963,Rataj,Michael,PirSTAN,STAN,2. pol. 2022
6782,-28.124739540432152,-4.017006990714324,-16.57963324525242,Ryba,Drahoslav,ANO2011,ANO,2. pol. 2022
6783,-26.198958319425827,13.676812398699592,-17.738337492548204,Síla,Jan,SPD,SPD,2. pol. 2022
6784,22.272903294111185,0.45969012447115465,14.293990734161877,Šimek,David,SPOLU,KDU-ČSL,2. pol. 2022
6785,-27.26139364744781,13.191628398468229,-17.72843239642308,Štefanová,Iveta,SPD,SPD,2. pol. 2022
6786,22.69153207786381,-0.29513276071946243,13.668469280251347,Teleky,Róbert,SPOLU,KDU-ČSL,2. pol. 2022
6787,22.335243771469507,0.22869969681222185,13.374956197360577,Turek,Libor,SPOLU,ODS,2. pol. 2022
6788,22.167000559372113,1.583047229313419,13.899153714917402,Urbanová,Barbora,PirSTAN,STAN,2. pol. 2022
6789,22.38939632377735,-0.6685797000969421,13.838260135945683,Vlček,Lukáš,PirSTAN,STAN,2. pol. 2022
6790,22.006419610698593,-0.22861129237406774,13.417446410886775,Voborská,Milada,PirSTAN,STAN,2. pol. 2022
6791,22.08040013904057,-0.7479669102970067,12.972491811527677,Vojtko,Viktor,PirSTAN,STAN,2. pol. 2022
6792,22.46607511513468,0.3355419176403092,13.900474035378076,Vomáčka,Vít,SPOLU,ODS,2. pol. 2022
6793,22.020896615982327,0.3322170222882428,13.005442467206406,Zajíčková,Renáta,SPOLU,ODS,2. pol. 2022
6794,22.25568652451248,0.977945359714866,13.529740050234627,Zborovský,Miroslav,SPOLU,KDU-ČSL,2. pol. 2022
6795,-25.860589051912896,13.960173879104017,-17.45608888021432,Zlínský,Vladimír,SPD,SPD,2. pol. 2022
6796,22.276191039415984,-0.0897078022840666,13.319334262214765,Zuna,Michal,SPOLU,TOP09,2. pol. 2022
6797,21.715771104260206,-3.451945721966689,13.355441934830509,Balaš,Vladimír,PirSTAN,STAN,2. pol. 2022
6798,22.2053224682316,1.7692732794073325,13.786627948788952,Hájek,Jiří,PirSTAN,STAN,2. pol. 2022
6799,22.623136682461972,0.643698453641828,13.647734144634585,Kolář,Ondřej,SPOLU,TOP09,2. pol. 2022
6800,22.143692771375203,-1.40890100316573,12.977605964488667,Král,Václav,SPOLU,ODS,2. pol. 2022
6801,22.614239874382157,1.7618448421877895,13.244331753508291,Navrátil,Jiří,SPOLU,KDU-ČSL,2. pol. 2022
6802,22.398585339831772,1.5743431878455696,13.396624453529114,Svoboda,Pavel,SPOLU,TOP09,2. pol. 2022
6803,22.223996739864045,0.21669733307029687,13.502663008437324,Horák,Jiří,SPOLU,KDU-ČSL,2. pol. 2022
6804,22.73061428264437,0.37252480788923564,14.102002445399581,Němečková Crkvenjaš,Zdenka,SPOLU,ODS,2. pol. 2022
6809,22.097011743454264,1.2725642085984012,12.962564839890948,Levko,Jarmila,STAN,STAN,2. pol. 2022
4,22.91607346137446,3.7512717436121497,-6.917556860062088,Benda,Marek,SPOLU,ODS,1. pol. 2023
207,-29.155728211532974,15.786835514274559,-3.6606453285800464,Bašta,Jaroslav,SPD,SPD,1. pol. 2023
346,22.704973469436467,-5.16825297019094,-10.460116292273737,Bendl,Petr,SPOLU,ODS,1. pol. 2023
5226,22.517736453350818,-5.7866025166504675,-9.551976567519052,Žáček,Pavel,SPOLU,ODS,1. pol. 2023
5332,22.853137710641388,-6.4643364597880035,-9.764749009803129,Tesařík,Antonín,SPOLU,KDU-ČSL,1. pol. 2023
5379,22.78371542749399,-7.163355113929881,-11.619743760370966,Bauer,Jan,SPOLU,ODS,1. pol. 2023
5449,22.55539608154934,-6.853425471363459,-8.232259205470385,Carbol,Jiří,SPOLU,KDU-ČSL,1. pol. 2023
5459,-29.109412700741697,18.367026947065693,12.82522677503601,Fiala,Radim,SPD,SPD,1. pol. 2023
5477,-29.026974664534805,15.479352431113128,11.353634008759723,Lesenská,Vladimíra,SPD,SPD,1. pol. 2023
5700,22.794732454665354,-5.255989321138452,-10.335573777479095,Adamec,Ivan,SPOLU,ODS,1. pol. 2023
5899,22.308911418745073,-6.946505352696497,-9.322430504566379,Bureš,Jan,SPOLU,ODS,1. pol. 2023
5901,22.75123999626557,-5.1953204483540345,-9.388927211868255,Cogan,Josef,PirSTAN,STAN,1. pol. 2023
5903,23.906239239047085,2.9306083835129226,-6.40021584390696,Černochová,Jana,SPOLU,ODS,1. pol. 2023
5911,-29.281239901897752,17.35515640180301,15.137978979654548,Foldyna,Jaroslav,SPD,SPD,1. pol. 2023
5914,22.510543922581665,-7.473253196277428,-9.646328912812162,Gazdík,Petr,PirSTAN,STAN,1. pol. 2023
5943,22.696104461745943,-6.12287084008043,-9.809660097141363,Langšádlová,Helena,SPOLU,TOP09,1. pol. 2023
5968,22.694644835569243,-7.356381813882008,-9.177068626535034,Staněk,Pavel,SPOLU,ODS,1. pol. 2023
5969,22.907110929940348,-8.13269486711399,-10.135741408676486,Stanjura,Zbyněk,SPOLU,ODS,1. pol. 2023
6007,21.96416660269545,-7.691865077066906,-6.31674792023607,Svoboda,Bohuslav,SPOLU,ODS,1. pol. 2023
6074,22.502844844536057,-8.60405325175067,-11.212088253370922,Fiala,Petr,SPOLU,ODS,1. pol. 2023
6079,21.861789660619593,-8.239080615656153,-14.6743176809472,Blažek,Pavel,SPOLU,ODS,1. pol. 2023
6105,-28.958497243152888,16.066661719858573,11.52424903025908,Okamura,Tomio,SPD,SPD,1. pol. 2023
6138,22.252971885132744,-6.4160550199647535,-10.017916133380963,Bělobrádek,Pavel,SPOLU,KDU-ČSL,1. pol. 2023
6143,-29.41404203632708,6.710733408457762,13.386151409201558,Berkovec,Stanislav,ANO2011,ANO,1. pol. 2023
6147,22.967380579738474,-7.162257628529668,-10.29612574543285,Pekarová Adamová,Markéta,SPOLU,TOP09,1. pol. 2023
6150,-28.42918431335699,9.760463069491655,18.86618049964917,Babiš,Andrej,ANO2011,ANO,1. pol. 2023
6154,22.828631541979377,-6.317160593254524,-9.895741819395615,Ženíšek,Marek,SPOLU,TOP09,1. pol. 2023
6158,-28.231226936708065,-9.01124674410622,11.883248638800335,Rais,Karel,ANO2011,ANO,1. pol. 2023
6165,-24.989692865536437,8.248298565129137,11.49209856205885,Vondráček,Radek,ANO2011,ANO,1. pol. 2023
6166,-26.362230752401704,8.261264335691084,12.227105351183127,Volný,Jan,ANO2011,ANO,1. pol. 2023
6168,-28.1728955221371,7.2504384417410925,10.585824100113747,Válková,Helena,ANO2011,ANO,1. pol. 2023
6172,-29.316436352402782,6.450579172841434,12.980913156093871,Okleštěk,Ladislav,ANO2011,ANO,1. pol. 2023
6176,22.40577443208242,-6.044591157771466,-9.724358626641017,Nováková,Nina,SPOLU,KDU-ČSL,1. pol. 2023
6177,-28.950780970751357,7.494358586545238,12.161212587089095,Balaštíková,Margita,ANO2011,ANO,1. pol. 2023
6178,22.478719178752097,4.381148040246596,-8.376711838847,Bartošek,Jan,SPOLU,KDU-ČSL,1. pol. 2023
6179,22.35349495774511,-7.229236188910568,-8.807469239743854,Benešík,Ondřej,SPOLU,KDU-ČSL,1. pol. 2023
6184,-27.969004604447985,8.571442928260229,11.775329561869468,Brabec,Richard,ANO2011,ANO,1. pol. 2023
6185,-29.001062613031646,-5.9180564511636575,10.537844740887568,Brázdil,Milan,ANO2011,ANO,1. pol. 2023
6190,-28.86267234928905,-6.7531575830831905,11.195694560981666,Faltýnek,Jaroslav,ANO2011,ANO,1. pol. 2023
6201,-28.076451363174048,-9.194064780223425,12.868069417382216,Janulík,Miloslav,ANO2011,ANO,1. pol. 2023
6202,-28.897950762371764,8.460494472624774,14.527450701262719,Pokorná Jermanová,Jaroslava,ANO2011,ANO,1. pol. 2023
6205,22.08952197602433,-7.874067791948433,-8.947933481550386,Jurečka,Marian,SPOLU,KDU-ČSL,1. pol. 2023
6207,22.621273252343773,-5.623006632186395,-9.659324897363291,Kaňkovský,Vít,SPOLU,KDU-ČSL,1. pol. 2023
6209,-29.7626628412654,11.641945845129301,13.283235801871815,Kasal,David,ANO2011,ANO,1. pol. 2023
6211,-27.29619296247751,-8.171021605994344,6.001632623522513,Kolovratník,Martin,ANO2011,ANO,1. pol. 2023
6214,22.38330081313103,-6.2810378074033135,-10.33318392199893,Kovářová,Věra,PirSTAN,STAN,1. pol. 2023
6215,-28.90162894749166,7.152613129168487,12.645034412321667,Kubíček,Roman,ANO2011,ANO,1. pol. 2023
6216,22.546314165172262,-6.504644006180774,-10.05013795273672,Kučera,Michal,SPOLU,TOP09,1. pol. 2023
6225,-29.2938036051487,8.614181863941557,12.506979855055002,Pastuchová,Jana,ANO2011,ANO,1. pol. 2023
6240,-26.825465214900706,-1.7529300377777095,-4.55028814436406,Tureček,Karel,ANO2011,ANO,1. pol. 2023
6246,-27.822643982487946,7.056056030663793,12.677988980853819,Kott,Josef,ANO2011,ANO,1. pol. 2023
6254,-29.56745733999765,6.115916155426955,12.177179494647834,Adámková,Věra,ANO2011,ANO,1. pol. 2023
6292,22.270115779703335,-7.735075900492639,-9.110856313959676,Golasowská,Pavla,SPOLU,KDU-ČSL,1. pol. 2023
6409,-29.173035382030413,6.519860513989541,13.46927847591134,Petrtýl,František,ANO2011,ANO,1. pol. 2023
6418,22.027876165577666,-5.603809550772677,-12.909312434821262,Skopeček,Jan,SPOLU,ODS,1. pol. 2023
6428,-27.5369785792804,-7.9315468933123405,8.473509733192534,Babišová,Andrea,ANO2011,ANO,1. pol. 2023
6430,-29.015488839321964,7.083251674679095,12.527173622068469,Dostálová,Klára,ANO2011,ANO,1. pol. 2023
6431,-29.67725134163973,8.93520933947232,12.529231414906628,Dražilová,Lenka,ANO2011,ANO,1. pol. 2023
6433,22.88695081801809,-8.519429900930565,-9.862216430083967,Bartoš,Ivan,PirSTAN,Piráti,1. pol. 2023
6435,22.766958025890254,-7.745192597703595,-9.141293279453555,Baxa,Martin,SPOLU,ODS,1. pol. 2023
6436,22.460935926282872,-6.447360212294977,-9.364618257415138,Beitl,Petr,SPOLU,ODS,1. pol. 2023
6437,-28.33481728047402,-7.035138309498475,6.793180225122191,Bělica,Josef,ANO2011,ANO,1. pol. 2023
6438,22.470677174212266,-5.782016622544773,-9.741704718009508,Blaha,Stanislav,SPOLU,ODS,1. pol. 2023
6441,-23.439795149284574,-9.971098405968743,14.499892931485578,Bžoch,Jaroslav,ANO2011,ANO,1. pol. 2023
6445,-29.50493127702119,9.565880109283919,4.3934697805651615,Dvořák,Jaroslav,SPD,SPD,1. pol. 2023
6447,-29.396353453391296,6.585160752736148,13.439699368863014,Farhan,Kamal,ANO2011,ANO,1. pol. 2023
6448,-29.061237523642273,0.8102061247956486,10.467452593960354,Feranec,Milan,ANO2011,ANO,1. pol. 2023
6451,-27.54580348155032,-8.041899257779995,7.248029278953352,Fridrich,Stanislav,ANO2011,ANO,1. pol. 2023
6455,-29.425114001393943,17.660909352613114,12.25303380111219,Hrnčíř,Jan,SPD,SPD,1. pol. 2023
6457,-29.388219702646857,7.359283679166656,13.804429591914877,Fialová,Eva,ANO2011,ANO,1. pol. 2023
6458,-29.365603078818232,10.823223608244358,13.88736050507245,Jáč,Ivan,ANO2011,ANO,1. pol. 2023
6459,22.582445245418402,-6.259455129419597,-9.86465113903739,Janda,Jakub,SPOLU,ODS,1. pol. 2023
6463,-27.69874044556579,7.460616996993896,12.703637279199741,Juchelka,Aleš,ANO2011,ANO,1. pol. 2023
6466,23.799485639853287,2.799569008708455,-8.462867233900967,Krutáková,Jana,PirSTAN,STAN,1. pol. 2023
6468,-29.07242782033272,7.059064298667154,13.129203759890473,Malá,Taťána,ANO2011,ANO,1. pol. 2023
6469,-29.26568946492916,16.172630197069935,12.190001326203479,Maříková,Karla,SPD,SPD,1. pol. 2023
6471,-29.134776872777167,8.375146893212332,12.519221228515228,Mračková Vildumetzová,Jana,ANO2011,ANO,1. pol. 2023
6473,22.81778839461762,-6.755461592332543,-9.785737951502158,Richterová,Olga,PirSTAN,Piráti,1. pol. 2023
6474,-29.202546509235933,7.220191086873362,12.934063123825212,Ožanová,Zuzana,ANO2011,ANO,1. pol. 2023
6475,-29.333199443872854,6.984731254312142,12.895732292529555,Oborná,Monika,ANO2011,ANO,1. pol. 2023
6477,22.751203760508997,-7.074618800336678,-10.1858778480089,Michálek,Jakub,PirSTAN,Piráti,1. pol. 2023
6479,-29.145481383257586,15.871146718261429,11.524484155830026,Šafránková,Lucie,SPD,SPD,1. pol. 2023
6482,24.02531088560405,2.6056561259497166,-8.205590773945481,Válek,Vlastimil,SPOLU,TOP09,1. pol. 2023
6484,-28.50340396504029,5.712438455139781,13.007701777818104,Štolpa,David,ANO2011,ANO,1. pol. 2023
6486,22.591960754345774,-5.922231963162467,-9.566944366790201,Munzar,Vojtěch,SPOLU,ODS,1. pol. 2023
6487,-28.564181418481834,9.682899114636358,11.790839880957463,Nacher,Patrik,ANO2011,ANO,1. pol. 2023
6490,-29.49558838115347,-6.59670000298266,9.320267047611331,Vrána,Petr,ANO2011,ANO,1. pol. 2023
6492,6.315322363652159,2.1605837512890425,-17.353747225445556,Vondrák,Ivo,ANO2011,Nezařazení,1. pol. 2023
6495,-29.157051300853773,16.19644794433535,12.446618700576332,Vích,Radovan,SPD,SPD,1. pol. 2023
6500,-29.37518383017958,9.829326542765624,11.452235511844398,Richter,Jan,ANO2011,ANO,1. pol. 2023
6503,-29.198060543328715,16.504136210601835,13.252488876871075,Kobza,Jiří,SPD,SPD,1. pol. 2023
6505,-27.74668960465219,-10.736385887521521,9.728420170806642,Špičák,Julius,ANO2011,ANO,1. pol. 2023
6506,-27.600096416863387,-7.038725084881009,7.892455954327172,Kohoutek,Tomáš,ANO2011,ANO,1. pol. 2023
6508,-29.303483013262532,17.834732542025783,10.479269243319829,Koten,Radek,SPD,SPD,1. pol. 2023
6509,-29.166045515701448,7.610703215549286,12.054292256663393,Králíček,Robert,ANO2011,ANO,1. pol. 2023
6510,22.172751478253883,-8.106294637968864,-10.563010547461174,Krejza,Karel,SPOLU,ODS,1. pol. 2023
6511,-29.112831483779974,8.578811666184624,12.751081579230505,Kubík,Jan,ANO2011,ANO,1. pol. 2023
6513,22.417941685029607,-5.30072016559334,-9.434076534162953,Výborný,Marek,SPOLU,KDU-ČSL,1. pol. 2023
6515,-28.768139140981273,-6.186928362136293,10.146323041121077,Strýček,Jiří,ANO2011,ANO,1. pol. 2023
6518,-28.97745177135991,7.13414576038289,12.62670122295493,Sadovský,Petr,ANO2011,ANO,1. pol. 2023
6520,-28.57576005437693,7.1808169061113345,11.40337926989593,Růžička,Pavel,ANO2011,ANO,1. pol. 2023
6521,-28.893464023402377,14.773236841161985,12.024057208496163,Rozvoral,Radek,SPD,SPD,1. pol. 2023
6523,-28.625243167556654,7.005561104792828,12.415163300773006,Ratiborský,Michal,ANO2011,ANO,1. pol. 2023
6524,22.818188460384665,-7.3710555913150095,-10.06424725314412,Rakušan,Vít,PirSTAN,STAN,1. pol. 2023
6527,-27.73241878890602,7.302240653179848,13.720437128190802,Pražák,David,ANO2011,ANO,1. pol. 2023
6533,-26.925940017485054,7.17080079436785,11.165608439658,Novák,Marek,ANO2011,ANO,1. pol. 2023
6534,-29.042408897962005,8.511107730455986,15.185602760192571,Mašek,Jiří,ANO2011,ANO,1. pol. 2023
6538,22.657239807401393,-8.674116271931654,-8.15267611631009,Kupka,Martin,SPOLU,ODS,1. pol. 2023
6544,-29.320236015194997,8.735750744158517,15.42923230851298,Metnar,Lubomír,ANO2011,ANO,1. pol. 2023
6545,-29.09429085719989,5.834562825600009,12.797815471488683,Schillerová,Alena,ANO2011,ANO,1. pol. 2023
6555,22.420740960763602,-5.655757199228227,-9.905230163118153,Philipp,Tom,SPOLU,KDU-ČSL,1. pol. 2023
6621,-28.237539116926303,7.25281581556926,12.57641813700764,Havlíček,Karel,ANO2011,ANO,1. pol. 2023
6623,-25.165801861051648,5.044240420255113,12.397371836583593,Babka,Ondřej,ANO2011,ANO,1. pol. 2023
6687,22.812488524714965,-5.824948811732828,-9.81853555682118,Jakob,Jan,SPOLU,TOP09,1. pol. 2023
6719,22.18244756529428,-6.275610105441045,-8.900722935830544,Bačíková,Jana,SPOLU,ODS,1. pol. 2023
6720,22.14704998215747,-5.274212334388464,-9.109487905606843,Bělohlávková,Romana,SPOLU,KDU-ČSL,1. pol. 2023
6721,22.59580313253852,-6.382825737184456,-9.30086387754503,Bělor,Roman,PirSTAN,STAN,1. pol. 2023
6722,21.812212304858896,-7.4435874698526385,-10.4671521166781,Berki,Jan,PirSTAN,STAN,1. pol. 2023
6723,-27.57583989399254,-5.888507025364762,7.104241407138687,Berkovcová,Jana,ANO2011,ANO,1. pol. 2023
6724,22.964842986563305,-7.735321128002727,-9.143742951171223,Bernard,Josef,PirSTAN,STAN,1. pol. 2023
6725,-29.47657689880073,7.666208410889002,15.085970578634415,Brož,Lubomír,ANO2011,ANO,1. pol. 2023
6726,-28.728498732185702,15.060652172011517,11.965556730723815,Černý,Oldřich,SPD,SPD,1. pol. 2023
6727,22.33602570657492,-6.976133329384648,-13.755299327272779,Decroix,Eva,SPOLU,ODS,1. pol. 2023
6728,22.7154995880722,-6.5471268364645585,-9.606476446650348,Dubský,Tomáš,PirSTAN,STAN,1. pol. 2023
6729,22.40008142520539,-5.836491979551642,-9.328415361828581,Dufek,Aleš,SPOLU,KDU-ČSL,1. pol. 2023
6730,-29.379647263553107,6.604700631693555,13.272629068356142,Wenzl,Lubomír,ANO2011,ANO,1. pol. 2023
6731,-24.80555641735038,-7.407565054232696,16.839930916475122,Wenzl,Milan,ANO2011,ANO,1. pol. 2023
6732,-29.036197223801857,6.420580436175135,12.836259327363896,Mádlová,Ivana,ANO2011,ANO,1. pol. 2023
6733,22.71627531908076,-6.366064417783918,-9.33130947741469,Major,Martin,SPOLU,ODS,1. pol. 2023
6734,22.842538695459808,-7.5434619270142615,-9.985066133666898,Liška,Petr,PirSTAN,STAN,1. pol. 2023
6735,22.379431871919373,-6.892999785648152,-9.119681319285595,Kuchař,Jan,PirSTAN,STAN,1. pol. 2023
6736,-29.43230675593965,6.672021815854026,13.381481901297363,Kukla,Martin,ANO2011,ANO,1. pol. 2023
6737,23.110330475216347,-9.920955748399606,-8.70931870039632,Lacina,Jan,PirSTAN,STAN,1. pol. 2023
6738,-29.247626792616707,6.585732363676483,13.053838496756343,Lang,Hubert,ANO2011,ANO,1. pol. 2023
6739,22.754418904485274,-6.143612535281266,-9.410385060013303,Letocha,Petr,PirSTAN,STAN,1. pol. 2023
6740,-29.128649523260744,15.857649410347413,12.639215584553696,Sládeček,Karel,SPD,SPD,1. pol. 2023
6741,22.73598365696161,-6.197295720023378,-11.275580329566907,Slavík,Jiří,SPOLU,TOP09,1. pol. 2023
6742,22.631575234146094,-7.082630613076942,-9.559032592700746,Smetana,Karel,SPOLU,KDU-ČSL,1. pol. 2023
6743,-29.43822456429745,6.422373294209293,13.108550782583018,Stržínek,Robert,ANO2011,ANO,1. pol. 2023
6744,22.452050231638264,-4.897964842303131,-9.338441533154679,Salvetr,Rudolf,SPOLU,ODS,1. pol. 2023
6745,-29.187802959555594,16.024272189385897,14.43662215927045,Pošarová,Marie,SPD,SPD,1. pol. 2023
6746,23.200257991064017,2.4770230924209997,-7.33955646191402,Potůčková,Lucie,PirSTAN,STAN,1. pol. 2023
6747,22.6618177561677,-6.71151596736822,-8.896913113681382,Exner,Martin,PirSTAN,STAN,1. pol. 2023
6748,22.65423975458871,-5.024468272911203,-9.551899941507724,Fifka,Petr,SPOLU,ODS,1. pol. 2023
6749,-28.937051073907707,6.93635766730093,12.003889197250125,Fischerová,Romana,ANO2011,ANO,1. pol. 2023
6750,21.825369967301587,-6.586518887991768,-10.684722394072162,Flek,Josef,PirSTAN,STAN,1. pol. 2023
6751,22.47229585759073,-5.028737896631333,-9.542669140454224,Haas,Karel,SPOLU,ODS,1. pol. 2023
6752,22.69111280139937,-6.5625617000474925,-9.269489539100359,Hájek,Martin,PirSTAN,STAN,1. pol. 2023
6753,-29.15181654288345,7.465415715649867,12.849212296210684,Hanzlíková,Jana,ANO2011,ANO,1. pol. 2023
6754,22.879387716544223,-6.122450402389126,-9.96108739186608,Havel,Matěj Ondřej,SPOLU,TOP09,1. pol. 2023
6755,22.693232282582066,-5.509488349885294,-9.37640826796522,Havránek,Jiří,SPOLU,ODS,1. pol. 2023
6756,-28.965844477014016,6.601014160293936,12.944177680091274,Helebrant,Tomáš,ANO2011,ANO,1. pol. 2023
6757,22.27153199887093,-7.969574914296391,-8.424781608755108,Heller,Šimon,SPOLU,KDU-ČSL,1. pol. 2023
6758,-29.245177305028356,7.005666205327153,13.659552057561418,Hendrych,Igor,ANO2011,ANO,1. pol. 2023
6759,22.48431658037315,-5.513945579100953,-11.190745449216069,Hofmann,Jan,SPOLU,ODS,1. pol. 2023
6761,22.14894429328591,-6.9979832643047155,-13.661447875290879,Quittová,Petra,PirSTAN,STAN,1. pol. 2023
6762,22.66170009560186,-6.870121857176263,-9.44094812957435,Pivoňka Vaňková,Pavla,PirSTAN,STAN,1. pol. 2023
6763,22.804995085706768,-6.1089627305037375,-9.209488411910423,Šebelová,Michaela,PirSTAN,STAN,1. pol. 2023
6764,22.59446190928173,-5.28878700446688,-8.911530686101516,Jílková,Marie,SPOLU,KDU-ČSL,1. pol. 2023
6765,22.595452418530265,-5.675820805467626,-11.190140707530267,Kašník,Pavel,SPOLU,ODS,1. pol. 2023
6766,23.06687657473178,-7.216192889173848,-9.643783329528505,Olšáková,Eliška,PirSTAN,STAN,1. pol. 2023
6767,22.886860963000498,-6.971501955401859,-9.332291096447747,Opltová,Michaela,PirSTAN,STAN,1. pol. 2023
6768,22.847071849000578,-5.955227889041476,-9.892512920427851,Nový,Miloš,SPOLU,TOP09,1. pol. 2023
6769,23.65999469275116,4.79540522198938,-7.028922823745096,Okamura,Hayato,SPOLU,KDU-ČSL,1. pol. 2023
6770,-28.498580123675296,-8.609242664245745,9.59928061117834,Oulehlová,Renata,ANO2011,ANO,1. pol. 2023
6771,22.32930362308055,-6.054497467195957,-10.517640380950693,Naiclerová,Hana,PirSTAN,STAN,1. pol. 2023
6772,22.704261079237696,-5.561129922378112,-8.910347546209028,Müller,Tomáš,PirSTAN,STAN,1. pol. 2023
6773,-29.140322988390828,15.97497727786421,12.296560924819183,Kettner,Zdeněk,SPD,SPD,1. pol. 2023
6774,22.693249055043385,-7.017078908567771,-10.102434475487895,Klíma,Pavel,SPOLU,TOP09,1. pol. 2023
6775,-29.684890934592318,8.153289865839355,12.769617282418396,Knechtová,Lenka,ANO2011,ANO,1. pol. 2023
6776,22.301527809316696,-6.4676793469917,-9.35353010997003,Kocmanová,Klára,PirSTAN,Piráti,1. pol. 2023
6777,22.237913052405226,-7.021560719593522,-9.378971450455762,Kohajda,Michael,SPOLU,KDU-ČSL,1. pol. 2023
6778,22.828798415208958,-6.471767993971164,-9.00514555340343,Ochodnická,Martina,SPOLU,TOP09,1. pol. 2023
6779,23.061486527182666,-6.166744336039892,-9.155246757574703,Lochman,Ondřej,PirSTAN,STAN,1. pol. 2023
6780,-28.892741716235165,7.950996012430844,11.973775202671646,Peštová,Berenika,ANO2011,ANO,1. pol. 2023
6781,22.41654607051557,-5.58633703705649,-9.269380345540979,Rataj,Michael,PirSTAN,STAN,1. pol. 2023
6782,-29.397189069504517,6.4716291143265305,13.098273159008242,Ryba,Drahoslav,ANO2011,ANO,1. pol. 2023
6783,-28.658059355396677,16.111559559453106,10.5719619611608,Síla,Jan,SPD,SPD,1. pol. 2023
6784,22.201104929297344,-6.713506443395255,-8.693855431961426,Šimek,David,SPOLU,KDU-ČSL,1. pol. 2023
6785,-29.20082580272831,15.926480999468527,12.421361147023243,Štefanová,Iveta,SPD,SPD,1. pol. 2023
6786,22.71438382265397,-5.276319830260279,-9.061568672168118,Teleky,Róbert,SPOLU,KDU-ČSL,1. pol. 2023
6787,22.47032855717366,-4.555218066665334,-11.438932675503192,Turek,Libor,SPOLU,ODS,1. pol. 2023
6788,22.496278398981083,-7.416145684976539,-9.2378919102358,Urbanová,Barbora,PirSTAN,STAN,1. pol. 2023
6789,22.916528983919527,-7.342272560828204,-9.620407462661138,Vlček,Lukáš,PirSTAN,STAN,1. pol. 2023
6790,22.414734511069433,-5.989151392461302,-8.781750521088128,Voborská,Milada,PirSTAN,STAN,1. pol. 2023
6791,22.961076834962615,-5.928007157446086,-9.57393114101914,Vojtko,Viktor,PirSTAN,STAN,1. pol. 2023
6792,22.03873925356736,-5.669768337507988,-10.03957833021685,Vomáčka,Vít,SPOLU,ODS,1. pol. 2023
6793,22.654682493340072,-5.753296513096801,-9.510207950405382,Zajíčková,Renáta,SPOLU,ODS,1. pol. 2023
6794,22.438085766021906,-6.511300318111544,-9.62294547727243,Zborovský,Miroslav,SPOLU,KDU-ČSL,1. pol. 2023
6795,-29.120737743315175,16.617900039572913,11.008629825271221,Zlínský,Vladimír,SPD,SPD,1. pol. 2023
6796,22.71790447532472,-5.409099831948552,-9.727117034420138,Zuna,Michal,SPOLU,TOP09,1. pol. 2023
6797,21.826004508212865,-3.956631571055674,-12.164699964942372,Balaš,Vladimír,PirSTAN,STAN,1. pol. 2023
6798,22.431557196833907,-7.596143914239555,-10.84778698657887,Hájek,Jiří,PirSTAN,STAN,1. pol. 2023
6799,22.445582198326093,-6.501706499613607,-11.51235091129818,Kolář,Ondřej,SPOLU,TOP09,1. pol. 2023
6800,23.07685244039515,5.5777696641096846,-9.515877396220882,Král,Václav,SPOLU,ODS,1. pol. 2023
6801,22.283486314632302,-5.646139818355076,-8.905756871379653,Navrátil,Jiří,SPOLU,KDU-ČSL,1. pol. 2023
6802,22.876772701132232,-6.068537362187431,-9.450484978265804,Svoboda,Pavel,SPOLU,TOP09,1. pol. 2023
6803,22.69080444068528,-6.000514652034478,-9.671406207839611,Horák,Jiří,SPOLU,KDU-ČSL,1. pol. 2023
6804,22.09790949712118,-8.385299282257847,-8.58614533415802,Němečková Crkvenjaš,Zdenka,SPOLU,ODS,1. pol. 2023
6809,22.61523938662491,-6.723880905463631,-9.58128848209867,Levko,Jarmila,STAN,STAN,1. pol. 2023
