mp_id,name,attendance,possible,last_group_abbreviation,region_name_cs,photo_url,účast
6527,David Pražák,5998,7438,ANO,Liberecký,https://www.psp.cz/eknih/cdrom/2021ps/eknih/2021ps/poslanci/i6527.jpg,81
6523,Michal Ratiborský,5798,7438,ANO,Moravskoslezský,https://www.psp.cz/eknih/cdrom/2021ps/eknih/2021ps/poslanci/i6523.jpg,78
6520,Pavel Růžička,5845,7438,ANO,Ústecký,https://www.psp.cz/eknih/cdrom/2021ps/eknih/2021ps/poslanci/i6520.jpg,79
6518,Petr Sadovský,6638,7438,ANO,Královéhradecký,https://www.psp.cz/eknih/cdrom/2021ps/eknih/2021ps/poslanci/i6518.jpg,89
6515,Jiří Strýček,6106,7438,ANO,Moravskoslezský,https://www.psp.cz/eknih/cdrom/2021ps/eknih/2021ps/poslanci/i6515.jpg,82
6511,Jan Kubík,5562,7438,ANO,Jihočeský,https://www.psp.cz/eknih/cdrom/2021ps/eknih/2021ps/poslanci/i6511.jpg,75
6509,Robert Králíček,6050,7438,ANO,Hlavní město Praha,https://www.psp.cz/eknih/cdrom/2021ps/eknih/2021ps/poslanci/i6509.jpg,81
6506,Tomáš Kohoutek,5629,7438,ANO,Ústecký,https://www.psp.cz/eknih/cdrom/2021ps/eknih/2021ps/poslanci/i6506.jpg,76
6505,Julius Špičák,4029,7438,ANO,Středočeský,https://www.psp.cz/eknih/cdrom/2021ps/eknih/2021ps/poslanci/i6505.jpg,54
6500,Jan Richter,5230,7438,ANO,Ústecký,https://www.psp.cz/eknih/cdrom/2021ps/eknih/2021ps/poslanci/i6500.jpg,70
6490,Petr Vrána,4838,7438,ANO,Olomoucký,https://www.psp.cz/eknih/cdrom/2021ps/eknih/2021ps/poslanci/i6490.jpg,65
6533,Marek Novák,6801,7438,ANO,Zlínský,https://www.psp.cz/eknih/cdrom/2021ps/eknih/2021ps/poslanci/i6533.jpg,91
6487,Patrik Nacher,5380,7438,ANO,Hlavní město Praha,https://www.psp.cz/eknih/cdrom/2021ps/eknih/2021ps/poslanci/i6487.jpg,72
6475,Monika Oborná,6556,7438,ANO,Vysočina,https://www.psp.cz/eknih/cdrom/2021ps/eknih/2021ps/poslanci/i6475.jpg,88
6474,Zuzana Ožanová,6883,7438,ANO,Moravskoslezský,https://www.psp.cz/eknih/cdrom/2021ps/eknih/2021ps/poslanci/i6474.jpg,93
6468,Taťána Malá,6424,7438,ANO,Jihomoravský,https://www.psp.cz/eknih/cdrom/2021ps/eknih/2021ps/poslanci/i6468.jpg,86
6463,Aleš Juchelka,5986,7438,ANO,Moravskoslezský,https://www.psp.cz/eknih/cdrom/2021ps/eknih/2021ps/poslanci/i6463.jpg,80
6458,Ivan Jáč,5262,7438,ANO,Liberecký,https://www.psp.cz/eknih/cdrom/2021ps/eknih/2021ps/poslanci/i6458.jpg,71
6457,Eva Fialová,6386,7438,ANO,Ústecký,https://www.psp.cz/eknih/cdrom/2021ps/eknih/2021ps/poslanci/i6457.jpg,86
6451,Stanislav Fridrich,5335,7438,ANO,Moravskoslezský,https://www.psp.cz/eknih/cdrom/2021ps/eknih/2021ps/poslanci/i6451.jpg,72
6447,Kamal Farhan,6885,7438,ANO,Plzeňský,https://www.psp.cz/eknih/cdrom/2021ps/eknih/2021ps/poslanci/i6447.jpg,93
6437,Josef Bělica,4603,7438,ANO,Moravskoslezský,https://www.psp.cz/eknih/cdrom/2021ps/eknih/2021ps/poslanci/i6437.jpg,62
6431,Lenka Dražilová,5580,7438,ANO,Jihomoravský,https://www.psp.cz/eknih/cdrom/2021ps/eknih/2021ps/poslanci/i6431.jpg,75
6484,David Štolpa,6845,7438,ANO,Jihomoravský,https://www.psp.cz/eknih/cdrom/2021ps/eknih/2021ps/poslanci/i6484.jpg,92
6428,Andrea Babišová,5038,7438,ANO,Moravskoslezský,https://www.psp.cz/eknih/cdrom/2021ps/eknih/2021ps/poslanci/i6428.jpg,68
6534,Jiří Mašek,5660,7438,ANO,Královéhradecký,https://www.psp.cz/eknih/cdrom/2021ps/eknih/2021ps/poslanci/i6534.jpg,76
6545,Alena Schillerová,6970,7438,ANO,Jihomoravský,https://www.psp.cz/eknih/cdrom/2021ps/eknih/2021ps/poslanci/i6545.jpg,94
6946,Josef Váňa,991,1088,ANO,Karlovarský,https://www.psp.cz/eknih/cdrom/2021ps/eknih/2021ps/poslanci/i6946.jpg,91
6940,Kamila Bláhová,1139,1314,ANO,Ústecký,https://www.psp.cz/eknih/cdrom/2021ps/eknih/2021ps/poslanci/i6940.jpg,87
6939,Jaromír Dědeček,1287,1314,ANO,Královéhradecký,https://www.psp.cz/eknih/cdrom/2021ps/eknih/2021ps/poslanci/i6939.jpg,98
6782,Drahoslav Ryba,6971,7438,ANO,Vysočina,https://www.psp.cz/eknih/cdrom/2021ps/eknih/2021ps/poslanci/i6782.jpg,94
6780,Berenika Peštová,6729,7438,ANO,Ústecký,https://www.psp.cz/eknih/cdrom/2021ps/eknih/2021ps/poslanci/i6780.jpg,90
6775,Lenka Knechtová,6588,7438,ANO,Jihomoravský,https://www.psp.cz/eknih/cdrom/2021ps/eknih/2021ps/poslanci/i6775.jpg,89
6770,Renata Oulehlová,6036,7438,ANO,Karlovarský,https://www.psp.cz/eknih/cdrom/2021ps/eknih/2021ps/poslanci/i6770.jpg,81
6758,Igor Hendrych,6457,7438,ANO,Moravskoslezský,https://www.psp.cz/eknih/cdrom/2021ps/eknih/2021ps/poslanci/i6758.jpg,87
6756,Tomáš Helebrant,6229,7438,ANO,Středočeský,https://www.psp.cz/eknih/cdrom/2021ps/eknih/2021ps/poslanci/i6756.jpg,84
6753,Jana Hanzlíková,6178,7438,ANO,Pardubický,https://www.psp.cz/eknih/cdrom/2021ps/eknih/2021ps/poslanci/i6753.jpg,83
6544,Lubomír Metnar,5904,7438,ANO,Moravskoslezský,https://www.psp.cz/eknih/cdrom/2021ps/eknih/2021ps/poslanci/i6544.jpg,79
6749,Romana Fischerová,5636,7438,ANO,Středočeský,https://www.psp.cz/eknih/cdrom/2021ps/eknih/2021ps/poslanci/i6749.jpg,76
6738,Hubert Lang,6918,7438,ANO,Plzeňský,https://www.psp.cz/eknih/cdrom/2021ps/eknih/2021ps/poslanci/i6738.jpg,93
6736,Martin Kukla,7290,7438,ANO,Vysočina,https://www.psp.cz/eknih/cdrom/2021ps/eknih/2021ps/poslanci/i6736.jpg,98
6732,Ivana Mádlová,6088,7438,ANO,Plzeňský,https://www.psp.cz/eknih/cdrom/2021ps/eknih/2021ps/poslanci/i6732.jpg,82
6731,Milan Wenzl,3510,7438,ANO,Hlavní město Praha,https://www.psp.cz/eknih/cdrom/2021ps/eknih/2021ps/poslanci/i6731.jpg,47
6730,Lubomír Wenzl,7261,7438,ANO,Jihomoravský,https://www.psp.cz/eknih/cdrom/2021ps/eknih/2021ps/poslanci/i6730.jpg,98
6725,Lubomír Brož,6753,7438,ANO,Hlavní město Praha,https://www.psp.cz/eknih/cdrom/2021ps/eknih/2021ps/poslanci/i6725.jpg,91
6723,Jana Berkovcová,5621,7438,ANO,Královéhradecký,https://www.psp.cz/eknih/cdrom/2021ps/eknih/2021ps/poslanci/i6723.jpg,76
6688,Miroslav Samaš,1264,1314,ANO,Středočeský,https://www.psp.cz/eknih/cdrom/2021ps/eknih/2021ps/poslanci/i6688.jpg,96
6623,Ondřej Babka,6879,7438,ANO,Jihočeský,https://www.psp.cz/eknih/cdrom/2021ps/eknih/2021ps/poslanci/i6623.jpg,92
6621,Karel Havlíček,5860,7438,ANO,Středočeský,https://www.psp.cz/eknih/cdrom/2021ps/eknih/2021ps/poslanci/i6621.jpg,79
6743,Robert Stržínek,6518,7438,ANO,Zlínský,https://www.psp.cz/eknih/cdrom/2021ps/eknih/2021ps/poslanci/i6743.jpg,88
6409,František Petrtýl,7207,7438,ANO,Středočeský,https://www.psp.cz/eknih/cdrom/2021ps/eknih/2021ps/poslanci/i6409.jpg,97
6964,Bohuslav Hudec,223,253,ANO,Olomoucký,https://www.psp.cz/eknih/cdrom/2021ps/eknih/2021ps/poslanci/i6964.jpg,88
6254,Věra Adámková,5608,7438,ANO,Hlavní město Praha,https://www.psp.cz/eknih/cdrom/2021ps/eknih/2021ps/poslanci/i6254.jpg,75
6190,Jaroslav Faltýnek,4400,7438,ANO,Olomoucký,https://www.psp.cz/eknih/cdrom/2021ps/eknih/2021ps/poslanci/i6190.jpg,59
6177,Margita Balaštíková,5953,7422,ANO,Zlínský,https://www.psp.cz/eknih/cdrom/2021ps/eknih/2021ps/poslanci/i6177.jpg,80
6201,Miloslav Janulík,5702,7438,ANO,Jihomoravský,https://www.psp.cz/eknih/cdrom/2021ps/eknih/2021ps/poslanci/i6201.jpg,77
6172,Ladislav Okleštěk,6121,7438,ANO,Olomoucký,https://www.psp.cz/eknih/cdrom/2021ps/eknih/2021ps/poslanci/i6172.jpg,82
6168,Helena Válková,5082,7438,ANO,Středočeský,https://www.psp.cz/eknih/cdrom/2021ps/eknih/2021ps/poslanci/i6168.jpg,68
6209,David Kasal,3667,7438,ANO,Pardubický,https://www.psp.cz/eknih/cdrom/2021ps/eknih/2021ps/poslanci/i6209.jpg,49
6166,Jan Volný,5425,7438,ANO,Plzeňský,https://www.psp.cz/eknih/cdrom/2021ps/eknih/2021ps/poslanci/i6166.jpg,73
6185,Milan Brázdil,5841,7438,ANO,Olomoucký,https://www.psp.cz/eknih/cdrom/2021ps/eknih/2021ps/poslanci/i6185.jpg,79
6165,Radek Vondráček,5520,7438,ANO,Zlínský,https://www.psp.cz/eknih/cdrom/2021ps/eknih/2021ps/poslanci/i6165.jpg,74
6158,Karel Rais,5796,7438,ANO,Jihomoravský,https://www.psp.cz/eknih/cdrom/2021ps/eknih/2021ps/poslanci/i6158.jpg,78
6211,Martin Kolovratník,5025,7438,ANO,Pardubický,https://www.psp.cz/eknih/cdrom/2021ps/eknih/2021ps/poslanci/i6211.jpg,68
6150,Andrej Babiš,3693,7438,ANO,Ústecký,https://www.psp.cz/eknih/cdrom/2021ps/eknih/2021ps/poslanci/i6150.jpg,50
6246,Josef Kott,6551,7438,ANO,Vysočina,https://www.psp.cz/eknih/cdrom/2021ps/eknih/2021ps/poslanci/i6246.jpg,88
6240,Karel Tureček,4603,7438,ANO,Jihočeský,https://www.psp.cz/eknih/cdrom/2021ps/eknih/2021ps/poslanci/i6240.jpg,62
6215,Roman Kubíček,7160,7438,ANO,Jihočeský,https://www.psp.cz/eknih/cdrom/2021ps/eknih/2021ps/poslanci/i6215.jpg,96
6184,Richard Brabec,6432,7438,ANO,Jihočeský,https://www.psp.cz/eknih/cdrom/2021ps/eknih/2021ps/poslanci/i6184.jpg,86
6225,Jana Pastuchová,5808,7438,ANO,Liberecký,https://www.psp.cz/eknih/cdrom/2021ps/eknih/2021ps/poslanci/i6225.jpg,78
6143,Stanislav Berkovec,7256,7438,ANO,Středočeský,https://www.psp.cz/eknih/cdrom/2021ps/eknih/2021ps/poslanci/i6143.jpg,98
6742,Karel Smetana,6117,7438,KDU-ČSL,Olomoucký,https://www.psp.cz/eknih/cdrom/2021ps/eknih/2021ps/poslanci/i6742.jpg,82
6513,Marek Výborný,5813,7438,KDU-ČSL,Pardubický,https://www.psp.cz/eknih/cdrom/2021ps/eknih/2021ps/poslanci/i6513.jpg,78
6292,Pavla Golasowská,5939,7438,KDU-ČSL,Moravskoslezský,https://www.psp.cz/eknih/cdrom/2021ps/eknih/2021ps/poslanci/i6292.jpg,80
6176,Nina Nováková,6297,7438,KDU-ČSL,Středočeský,https://www.psp.cz/eknih/cdrom/2021ps/eknih/2021ps/poslanci/i6176.jpg,85
6555,Tom Philipp,6800,7438,KDU-ČSL,Hlavní město Praha,https://www.psp.cz/eknih/cdrom/2021ps/eknih/2021ps/poslanci/i6555.jpg,91
6178,Jan Bartošek,5615,7438,KDU-ČSL,Jihočeský,https://www.psp.cz/eknih/cdrom/2021ps/eknih/2021ps/poslanci/i6178.jpg,75
6179,Ondřej Benešík,4744,7438,KDU-ČSL,Zlínský,https://www.psp.cz/eknih/cdrom/2021ps/eknih/2021ps/poslanci/i6179.jpg,64
6720,Romana Bělohlávková,6810,7438,KDU-ČSL,Vysočina,https://www.psp.cz/eknih/cdrom/2021ps/eknih/2021ps/poslanci/i6720.jpg,92
6729,Aleš Dufek,6731,7438,KDU-ČSL,Zlínský,https://www.psp.cz/eknih/cdrom/2021ps/eknih/2021ps/poslanci/i6729.jpg,90
6138,Pavel Bělobrádek,5485,7438,KDU-ČSL,Královéhradecký,https://www.psp.cz/eknih/cdrom/2021ps/eknih/2021ps/poslanci/i6138.jpg,74
6757,Šimon Heller,5211,7438,KDU-ČSL,Jihočeský,https://www.psp.cz/eknih/cdrom/2021ps/eknih/2021ps/poslanci/i6757.jpg,70
6764,Marie Jílková,5808,7438,KDU-ČSL,Jihomoravský,https://www.psp.cz/eknih/cdrom/2021ps/eknih/2021ps/poslanci/i6764.jpg,78
6207,Vít Kaňkovský,6833,7438,KDU-ČSL,Vysočina,https://www.psp.cz/eknih/cdrom/2021ps/eknih/2021ps/poslanci/i6207.jpg,92
6769,Hayato Okamura,6144,7438,KDU-ČSL,Hlavní město Praha,https://www.psp.cz/eknih/cdrom/2021ps/eknih/2021ps/poslanci/i6769.jpg,83
6803,Jiří Horák,6171,7438,KDU-ČSL,Jihomoravský,https://www.psp.cz/eknih/cdrom/2021ps/eknih/2021ps/poslanci/i6803.jpg,83
6777,Michael Kohajda,5869,7438,KDU-ČSL,Olomoucký,https://www.psp.cz/eknih/cdrom/2021ps/eknih/2021ps/poslanci/i6777.jpg,79
5449,Jiří Carbol,6360,7438,KDU-ČSL,Moravskoslezský,https://www.psp.cz/eknih/cdrom/2021ps/eknih/2021ps/poslanci/i5449.jpg,86
6205,Marian Jurečka,5060,7438,KDU-ČSL,Olomoucký,https://www.psp.cz/eknih/cdrom/2021ps/eknih/2021ps/poslanci/i6205.jpg,68
6786,Róbert Teleky,6537,7438,KDU-ČSL,Zlínský,https://www.psp.cz/eknih/cdrom/2021ps/eknih/2021ps/poslanci/i6786.jpg,88
6801,Jiří Navrátil,5854,7438,KDU-ČSL,Moravskoslezský,https://www.psp.cz/eknih/cdrom/2021ps/eknih/2021ps/poslanci/i6801.jpg,79
6794,Miroslav Zborovský,6535,7438,KDU-ČSL,Jihomoravský,https://www.psp.cz/eknih/cdrom/2021ps/eknih/2021ps/poslanci/i6794.jpg,88
5332,Antonín Tesařík,6820,7438,KDU-ČSL,Jihomoravský,https://www.psp.cz/eknih/cdrom/2021ps/eknih/2021ps/poslanci/i5332.jpg,92
6492,Ivo Vondrák,4017,7438,Nezařaz,Moravskoslezský,https://www.psp.cz/eknih/cdrom/2021ps/eknih/2021ps/poslanci/i6492.jpg,54
6804,Zdenka Němečková Crkvenjaš,4548,7438,ODS,Moravskoslezský,https://www.psp.cz/eknih/cdrom/2021ps/eknih/2021ps/poslanci/i6804.jpg,61
6765,Pavel Kašník,5641,7438,ODS,Jihomoravský,https://www.psp.cz/eknih/cdrom/2021ps/eknih/2021ps/poslanci/i6765.jpg,76
5226,Pavel Žáček,6145,7438,ODS,Hlavní město Praha,https://www.psp.cz/eknih/cdrom/2021ps/eknih/2021ps/poslanci/i5226.jpg,83
6733,Martin Major,6498,7438,ODS,Olomoucký,https://www.psp.cz/eknih/cdrom/2021ps/eknih/2021ps/poslanci/i6733.jpg,87
346,Petr Bendl,6408,7438,ODS,Středočeský,https://www.psp.cz/eknih/cdrom/2021ps/eknih/2021ps/poslanci/i346.jpg,86
5968,Pavel Staněk,5336,7438,ODS,Královéhradecký,https://www.psp.cz/eknih/cdrom/2021ps/eknih/2021ps/poslanci/i5968.jpg,72
5969,Zbyněk Stanjura,4642,7438,ODS,Moravskoslezský,https://www.psp.cz/eknih/cdrom/2021ps/eknih/2021ps/poslanci/i5969.jpg,62
5931,Radim Jirout,765,1088,ODS,Pardubický,https://www.psp.cz/eknih/cdrom/2021ps/eknih/2021ps/poslanci/i5931.jpg,70
6744,Rudolf Salvetr,6730,7438,ODS,Plzeňský,https://www.psp.cz/eknih/cdrom/2021ps/eknih/2021ps/poslanci/i6744.jpg,90
6751,Karel Haas,7115,7438,ODS,Pardubický,https://www.psp.cz/eknih/cdrom/2021ps/eknih/2021ps/poslanci/i6751.jpg,96
6800,Václav Král,5088,7438,ODS,Jihočeský,https://www.psp.cz/eknih/cdrom/2021ps/eknih/2021ps/poslanci/i6800.jpg,68
5903,Jana Černochová,3576,7438,ODS,Hlavní město Praha,https://www.psp.cz/eknih/cdrom/2021ps/eknih/2021ps/poslanci/i5903.jpg,48
6755,Jiří Havránek,6797,7438,ODS,Středočeský,https://www.psp.cz/eknih/cdrom/2021ps/eknih/2021ps/poslanci/i6755.jpg,91
5899,Jan Bureš,4965,7438,ODS,Karlovarský,https://www.psp.cz/eknih/cdrom/2021ps/eknih/2021ps/poslanci/i5899.jpg,67
6793,Renáta Zajíčková,6436,7438,ODS,Hlavní město Praha,https://www.psp.cz/eknih/cdrom/2021ps/eknih/2021ps/poslanci/i6793.jpg,87
6792,Vít Vomáčka,6330,7438,ODS,Liberecký,https://www.psp.cz/eknih/cdrom/2021ps/eknih/2021ps/poslanci/i6792.jpg,85
6787,Libor Turek,7176,7438,ODS,Ústecký,https://www.psp.cz/eknih/cdrom/2021ps/eknih/2021ps/poslanci/i6787.jpg,96
5379,Jan Bauer,5194,7438,ODS,Jihočeský,https://www.psp.cz/eknih/cdrom/2021ps/eknih/2021ps/poslanci/i5379.jpg,70
5700,Ivan Adamec,6575,7438,ODS,Královéhradecký,https://www.psp.cz/eknih/cdrom/2021ps/eknih/2021ps/poslanci/i5700.jpg,88
6759,Jan Hofmann,6562,7438,ODS,Středočeský,https://www.psp.cz/eknih/cdrom/2021ps/eknih/2021ps/poslanci/i6759.jpg,88
6748,Petr Fifka,6310,7438,ODS,Hlavní město Praha,https://www.psp.cz/eknih/cdrom/2021ps/eknih/2021ps/poslanci/i6748.jpg,85
6727,Eva Decroix,5811,7438,ODS,Vysočina,https://www.psp.cz/eknih/cdrom/2021ps/eknih/2021ps/poslanci/i6727.jpg,78
4,Marek Benda,6179,7438,ODS,Hlavní město Praha,https://www.psp.cz/eknih/cdrom/2021ps/eknih/2021ps/poslanci/i4.jpg,83
6538,Martin Kupka,4222,7438,ODS,Středočeský,https://www.psp.cz/eknih/cdrom/2021ps/eknih/2021ps/poslanci/i6538.jpg,57
6510,Karel Krejza,6002,7438,ODS,Ústecký,https://www.psp.cz/eknih/cdrom/2021ps/eknih/2021ps/poslanci/i6510.jpg,81
6486,Vojtěch Munzar,6132,7438,ODS,Středočeský,https://www.psp.cz/eknih/cdrom/2021ps/eknih/2021ps/poslanci/i6486.jpg,82
6459,Jakub Janda,6918,7438,ODS,Moravskoslezský,https://www.psp.cz/eknih/cdrom/2021ps/eknih/2021ps/poslanci/i6459.jpg,93
6007,Bohuslav Svoboda,4908,7438,ODS,Hlavní město Praha,https://www.psp.cz/eknih/cdrom/2021ps/eknih/2021ps/poslanci/i6007.jpg,66
6438,Stanislav Blaha,5546,7438,ODS,Zlínský,https://www.psp.cz/eknih/cdrom/2021ps/eknih/2021ps/poslanci/i6438.jpg,75
6436,Petr Beitl,6060,7438,ODS,Liberecký,https://www.psp.cz/eknih/cdrom/2021ps/eknih/2021ps/poslanci/i6436.jpg,81
6079,Pavel Blažek,4391,7438,ODS,Jihomoravský,https://www.psp.cz/eknih/cdrom/2021ps/eknih/2021ps/poslanci/i6079.jpg,59
6435,Martin Baxa,5575,7438,ODS,Plzeňský,https://www.psp.cz/eknih/cdrom/2021ps/eknih/2021ps/poslanci/i6435.jpg,75
6074,Petr Fiala,4073,7438,ODS,Jihomoravský,https://www.psp.cz/eknih/cdrom/2021ps/eknih/2021ps/poslanci/i6074.jpg,55
6418,Jan Skopeček,5778,7438,ODS,Středočeský,https://www.psp.cz/eknih/cdrom/2021ps/eknih/2021ps/poslanci/i6418.jpg,78
6719,Jana Bačíková,6222,7438,ODS,Jihomoravský,https://www.psp.cz/eknih/cdrom/2021ps/eknih/2021ps/poslanci/i6719.jpg,84
6473,Olga Richterová,6642,7438,Piráti,Hlavní město Praha,https://www.psp.cz/eknih/cdrom/2021ps/eknih/2021ps/poslanci/i6473.jpg,89
6776,Klára Kocmanová,6776,7438,Piráti,Středočeský,https://www.psp.cz/eknih/cdrom/2021ps/eknih/2021ps/poslanci/i6776.jpg,91
6477,Jakub Michálek,6112,7438,Piráti,Hlavní město Praha,https://www.psp.cz/eknih/cdrom/2021ps/eknih/2021ps/poslanci/i6477.jpg,82
6433,Ivan Bartoš,5431,7438,Piráti,Ústecký,https://www.psp.cz/eknih/cdrom/2021ps/eknih/2021ps/poslanci/i6433.jpg,73
6521,Radek Rozvoral,7385,7438,SPD,Středočeský,https://www.psp.cz/eknih/cdrom/2021ps/eknih/2021ps/poslanci/i6521.jpg,99
6508,Radek Koten,5839,7438,SPD,Vysočina,https://www.psp.cz/eknih/cdrom/2021ps/eknih/2021ps/poslanci/i6508.jpg,79
6479,Lucie Šafránková,6258,7438,SPD,Jihomoravský,https://www.psp.cz/eknih/cdrom/2021ps/eknih/2021ps/poslanci/i6479.jpg,84
6783,Jan Síla,5872,7438,SPD,Moravskoslezský,https://www.psp.cz/eknih/cdrom/2021ps/eknih/2021ps/poslanci/i6783.jpg,79
6495,Radovan Vích,5188,7438,SPD,Liberecký,https://www.psp.cz/eknih/cdrom/2021ps/eknih/2021ps/poslanci/i6495.jpg,70
6785,Iveta Štefanová,6719,7438,SPD,Jihočeský,https://www.psp.cz/eknih/cdrom/2021ps/eknih/2021ps/poslanci/i6785.jpg,90
5477,Vladimíra Lesenská,6245,7438,SPD,Královéhradecký,https://www.psp.cz/eknih/cdrom/2021ps/eknih/2021ps/poslanci/i5477.jpg,84
6503,Jiří Kobza,5128,7438,SPD,Hlavní město Praha,https://www.psp.cz/eknih/cdrom/2021ps/eknih/2021ps/poslanci/i6503.jpg,69
6469,Karla Maříková,6368,7438,SPD,Karlovarský,https://www.psp.cz/eknih/cdrom/2021ps/eknih/2021ps/poslanci/i6469.jpg,86
6726,Oldřich Černý,6990,7438,SPD,Středočeský,https://www.psp.cz/eknih/cdrom/2021ps/eknih/2021ps/poslanci/i6726.jpg,94
6105,Tomio Okamura,5281,7438,SPD,Moravskoslezský,https://www.psp.cz/eknih/cdrom/2021ps/eknih/2021ps/poslanci/i6105.jpg,71
6925,Marcel Dlask,1662,2122,SPD,Pardubický,https://www.psp.cz/eknih/cdrom/2021ps/eknih/2021ps/poslanci/i6925.jpg,78
6445,Jaroslav Dvořák,3376,7438,SPD,Zlínský,https://www.psp.cz/eknih/cdrom/2021ps/eknih/2021ps/poslanci/i6445.jpg,45
6740,Karel Sládeček,6552,7438,SPD,Moravskoslezský,https://www.psp.cz/eknih/cdrom/2021ps/eknih/2021ps/poslanci/i6740.jpg,88
6795,Vladimír Zlínský,5977,7438,SPD,Zlínský,https://www.psp.cz/eknih/cdrom/2021ps/eknih/2021ps/poslanci/i6795.jpg,80
5911,Jaroslav Foldyna,4417,7438,SPD,Ústecký,https://www.psp.cz/eknih/cdrom/2021ps/eknih/2021ps/poslanci/i5911.jpg,59
6455,Jan Hrnčíř,4912,7438,SPD,Jihomoravský,https://www.psp.cz/eknih/cdrom/2021ps/eknih/2021ps/poslanci/i6455.jpg,66
6773,Zdeněk Kettner,5905,7438,SPD,Ústecký,https://www.psp.cz/eknih/cdrom/2021ps/eknih/2021ps/poslanci/i6773.jpg,79
5459,Radim Fiala,4474,7438,SPD,Olomoucký,https://www.psp.cz/eknih/cdrom/2021ps/eknih/2021ps/poslanci/i5459.jpg,60
6745,Marie Pošarová,6198,7438,SPD,Plzeňský,https://www.psp.cz/eknih/cdrom/2021ps/eknih/2021ps/poslanci/i6745.jpg,83
6214,Věra Kovářová,5982,7438,STAN,Středočeský,https://www.psp.cz/eknih/cdrom/2021ps/eknih/2021ps/poslanci/i6214.jpg,80
6789,Lukáš Vlček,5698,7438,STAN,Vysočina,https://www.psp.cz/eknih/cdrom/2021ps/eknih/2021ps/poslanci/i6789.jpg,77
6781,Michael Rataj,7067,7438,STAN,Moravskoslezský,https://www.psp.cz/eknih/cdrom/2021ps/eknih/2021ps/poslanci/i6781.jpg,95
6791,Viktor Vojtko,6685,7438,STAN,Jihočeský,https://www.psp.cz/eknih/cdrom/2021ps/eknih/2021ps/poslanci/i6791.jpg,90
6797,Vladimír Balaš,5816,7438,STAN,Hlavní město Praha,https://www.psp.cz/eknih/cdrom/2021ps/eknih/2021ps/poslanci/i6797.jpg,78
6798,Jiří Hájek,5597,7438,STAN,Pardubický,https://www.psp.cz/eknih/cdrom/2021ps/eknih/2021ps/poslanci/i6798.jpg,75
6790,Milada Voborská,6449,7438,STAN,Hlavní město Praha,https://www.psp.cz/eknih/cdrom/2021ps/eknih/2021ps/poslanci/i6790.jpg,87
6809,Jarmila Levko,6229,7129,STAN,Liberecký,https://www.psp.cz/eknih/cdrom/2021ps/eknih/2021ps/poslanci/i6809.jpg,87
6466,Jana Krutáková,5474,7438,STAN,Jihomoravský,https://www.psp.cz/eknih/cdrom/2021ps/eknih/2021ps/poslanci/i6466.jpg,74
6788,Barbora Urbanová,5808,7438,STAN,Středočeský,https://www.psp.cz/eknih/cdrom/2021ps/eknih/2021ps/poslanci/i6788.jpg,78
6734,Petr Liška,6069,7438,STAN,Ústecký,https://www.psp.cz/eknih/cdrom/2021ps/eknih/2021ps/poslanci/i6734.jpg,82
6746,Lucie Potůčková,4800,7438,STAN,Královéhradecký,https://www.psp.cz/eknih/cdrom/2021ps/eknih/2021ps/poslanci/i6746.jpg,65
5914,Petr Gazdík,4844,7438,STAN,Zlínský,https://www.psp.cz/eknih/cdrom/2021ps/eknih/2021ps/poslanci/i5914.jpg,65
6739,Petr Letocha,6543,7438,STAN,Moravskoslezský,https://www.psp.cz/eknih/cdrom/2021ps/eknih/2021ps/poslanci/i6739.jpg,88
6735,Jan Kuchař,5984,7438,STAN,Karlovarský,https://www.psp.cz/eknih/cdrom/2021ps/eknih/2021ps/poslanci/i6735.jpg,80
6721,Roman Bělor,6012,7438,STAN,Hlavní město Praha,https://www.psp.cz/eknih/cdrom/2021ps/eknih/2021ps/poslanci/i6721.jpg,81
6772,Tomáš Müller,7195,7438,STAN,Olomoucký,https://www.psp.cz/eknih/cdrom/2021ps/eknih/2021ps/poslanci/i6772.jpg,97
6747,Martin Exner,6390,7438,STAN,Středočeský,https://www.psp.cz/eknih/cdrom/2021ps/eknih/2021ps/poslanci/i6747.jpg,86
6750,Josef Flek,5751,7438,STAN,Jihomoravský,https://www.psp.cz/eknih/cdrom/2021ps/eknih/2021ps/poslanci/i6750.jpg,77
6947,Silvia Doušová,1041,1088,STAN,Středočeský,https://www.psp.cz/eknih/cdrom/2021ps/eknih/2021ps/poslanci/i6947.jpg,96
5901,Josef Cogan,7334,7438,STAN,Královéhradecký,https://www.psp.cz/eknih/cdrom/2021ps/eknih/2021ps/poslanci/i5901.jpg,99
6752,Martin Hájek,6514,7438,STAN,Jihomoravský,https://www.psp.cz/eknih/cdrom/2021ps/eknih/2021ps/poslanci/i6752.jpg,88
6524,Vít Rakušan,4111,7438,STAN,Středočeský,https://www.psp.cz/eknih/cdrom/2021ps/eknih/2021ps/poslanci/i6524.jpg,55
6761,Petra Quittová,5700,7438,STAN,Jihomoravský,https://www.psp.cz/eknih/cdrom/2021ps/eknih/2021ps/poslanci/i6761.jpg,77
6762,Pavla Pivoňka Vaňková,6302,7438,STAN,Jihočeský,https://www.psp.cz/eknih/cdrom/2021ps/eknih/2021ps/poslanci/i6762.jpg,85
6763,Michaela Šebelová,6391,7438,STAN,Moravskoslezský,https://www.psp.cz/eknih/cdrom/2021ps/eknih/2021ps/poslanci/i6763.jpg,86
6766,Eliška Olšáková,5815,7438,STAN,Zlínský,https://www.psp.cz/eknih/cdrom/2021ps/eknih/2021ps/poslanci/i6766.jpg,78
6728,Tomáš Dubský,6915,7438,STAN,Pardubický,https://www.psp.cz/eknih/cdrom/2021ps/eknih/2021ps/poslanci/i6728.jpg,93
6767,Michaela Opltová,5710,7438,STAN,Plzeňský,https://www.psp.cz/eknih/cdrom/2021ps/eknih/2021ps/poslanci/i6767.jpg,77
6724,Josef Bernard,4845,7438,STAN,Plzeňský,https://www.psp.cz/eknih/cdrom/2021ps/eknih/2021ps/poslanci/i6724.jpg,65
6771,Hana Naiclerová,6162,7438,STAN,Olomoucký,https://www.psp.cz/eknih/cdrom/2021ps/eknih/2021ps/poslanci/i6771.jpg,83
6722,Jan Berki,6615,7438,STAN,Liberecký,https://www.psp.cz/eknih/cdrom/2021ps/eknih/2021ps/poslanci/i6722.jpg,89
6737,Jan Lacina,5724,7438,STAN,Hlavní město Praha,https://www.psp.cz/eknih/cdrom/2021ps/eknih/2021ps/poslanci/i6737.jpg,77
6687,Jan Jakob,7029,7438,TOP09,Středočeský,https://www.psp.cz/eknih/cdrom/2021ps/eknih/2021ps/poslanci/i6687.jpg,95
6937,Martin Dlouhý,1545,1645,TOP09,Hlavní město Praha,https://www.psp.cz/eknih/cdrom/2021ps/eknih/2021ps/poslanci/i6937.jpg,94
5943,Helena Langšádlová,5373,7438,TOP09,Středočeský,https://www.psp.cz/eknih/cdrom/2021ps/eknih/2021ps/poslanci/i5943.jpg,72
6774,Pavel Klíma,5952,7438,TOP09,Jihočeský,https://www.psp.cz/eknih/cdrom/2021ps/eknih/2021ps/poslanci/i6774.jpg,80
6216,Michal Kučera,5870,7438,TOP09,Ústecký,https://www.psp.cz/eknih/cdrom/2021ps/eknih/2021ps/poslanci/i6216.jpg,79
6796,Michal Zuna,7037,7438,TOP09,Hlavní město Praha,https://www.psp.cz/eknih/cdrom/2021ps/eknih/2021ps/poslanci/i6796.jpg,95
6741,Jiří Slavík,7048,7438,TOP09,Středočeský,https://www.psp.cz/eknih/cdrom/2021ps/eknih/2021ps/poslanci/i6741.jpg,95
6147,Markéta Pekarová Adamová,5461,7438,TOP09,Hlavní město Praha,https://www.psp.cz/eknih/cdrom/2021ps/eknih/2021ps/poslanci/i6147.jpg,73
6154,Marek Ženíšek,5522,7438,TOP09,Plzeňský,https://www.psp.cz/eknih/cdrom/2021ps/eknih/2021ps/poslanci/i6154.jpg,74
6754,Matěj Ondřej Havel,6651,7438,TOP09,Královéhradecký,https://www.psp.cz/eknih/cdrom/2021ps/eknih/2021ps/poslanci/i6754.jpg,89
6778,Martina Ochodnická,6633,7438,TOP09,Vysočina,https://www.psp.cz/eknih/cdrom/2021ps/eknih/2021ps/poslanci/i6778.jpg,89
6482,Vlastimil Válek,3785,7438,TOP09,Jihomoravský,https://www.psp.cz/eknih/cdrom/2021ps/eknih/2021ps/poslanci/i6482.jpg,51
6802,Pavel Svoboda,6467,7438,TOP09,Pardubický,https://www.psp.cz/eknih/cdrom/2021ps/eknih/2021ps/poslanci/i6802.jpg,87
6768,Miloš Nový,6934,7438,TOP09,Plzeňský,https://www.psp.cz/eknih/cdrom/2021ps/eknih/2021ps/poslanci/i6768.jpg,93
