psp_id,mp_id,family_name,given_name,title_pre,title_post,birth_date,death_date,gender,region_id,region_name_cs,region_name_en,list_id,list_abbreviation,list_name_cs,list_name_en,last_group_id,last_group_abbreviation,last_group_name_cs,last_group_name_en,last_group_since,last_group_until,since,until,current,full_term,web,street,municipality,postcode,email,phone,fax,psp_phone,facebook
1384,6204,Junek,Jiří,Mgr.,,1973-11-25,,M,589,Pardubický,Pardubice,151.0,KDU-ČSL,Křesťanská a demokratická unie - Československá strana lidová,Christian Democratic Union - Czechoslovak People's Party,1110,KDU-ČSL,Poslanecký klub Křesťanské a demokratické unie-Československé strany lidové,Political Group of the Christian and Democratic Union - Czechoslovak People's Party,2013-10-31,2017-10-26,2013-10-26,2017-10-26,False,False,,,,,,,,,
1372,5314,Hovorka,Ludvík,Ing.,,1963-06-13,,M,593,Zlínský,Zlin,151.0,KDU-ČSL,Křesťanská a demokratická unie - Československá strana lidová,Christian Democratic Union - Czechoslovak People's Party,1110,KDU-ČSL,Poslanecký klub Křesťanské a demokratické unie-Československé strany lidové,Political Group of the Christian and Democratic Union - Czechoslovak People's Party,2013-10-31,2017-10-26,2013-10-26,2017-10-26,False,False,,,,,,,,,
1322,4,Benda,Marek,,,1968-11-10,,M,581,Hlavní město Praha,Capital Prague,155.0,ODS,Občanská demokratická strana,Civic Democratic Party,1538,ODS,Poslanecký klub Občanské demokratické strany,Political group Civic Democratic Party,2021-10-12,,2013-10-26,2017-10-26,True,True,,,,,,,,,
1307,5768,Adam,Vojtěch,MUDr.,,1950-09-12,,M,591,Jihomoravský,Southern Moravia,154.0,KSCM,Komunistická strana Čech a Moravy,Communist Party of Bohemia and Moravia,1109,KSČM,Poslanecký klub Komunistické strany Čech a Moravy,Political group Communist Party of Bohemia and Moravia,2013-10-27,2017-10-26,2013-10-26,2017-10-26,False,False,,,,,,,,,
1490,5268,Vostrá,Miloslava,Ing.,,1965-05-26,,Ž,582,Středočeský,Central Bohemia,154.0,KSCM,Komunistická strana Čech a Moravy,Communist Party of Bohemia and Moravia,1293,KSČM,Poslanecký klub Komunistické strany Čech a Moravy,Political group Communist Party of Bohemia and Moravia,2017-10-24,2021-10-20,2013-10-26,2017-10-26,False,False,,,,,,,,,
1390,6208,Karamazov,Simeon,prof. Ing.,Dr.,1963-12-19,,M,589,Pardubický,Pardubice,155.0,ODS,Občanská demokratická strana,Civic Democratic Party,1106,ODS,Poslanecký klub Občanské demokratické strany,\tPolitical Group of the Civic Democratic Party,2013-10-30,2017-10-26,2013-10-26,2017-10-26,False,False,,,,,,,,,
1335,6185,Brázdil,Milan,MUDr.,,1962-11-05,,M,592,Olomoucký,Olomouc,1104.0,ANO2011,ANO2011,ANO2011,1537,ANO,Poslanecký klub ANO 2011,Political group ANO 2011,2021-10-12,,2013-10-26,2017-10-26,True,True,,,,,,,,,
1436,6228,Pěnčíková,Marie,Ing.,,1979-12-31,,Ž,593,Zlínský,Zlin,154.0,KSCM,Komunistická strana Čech a Moravy,Communist Party of Bohemia and Moravia,1293,KSČM,Poslanecký klub Komunistické strany Čech a Moravy,Political group Communist Party of Bohemia and Moravia,2018-12-04,2021-10-20,2013-10-26,2017-10-26,False,False,,,,,,,,,
1507,6246,Kott,Josef,Ing.,,1970-11-15,,M,590,Vysočina,Vysocina,1104.0,ANO2011,ANO2011,ANO2011,1537,ANO,Poslanecký klub ANO 2011,Political group ANO 2011,2021-10-12,,2013-12-03,2017-10-26,True,False,,,,,,,,,
1498,252,Zaorálek,Lubomír,PhDr.,,1956-09-06,,M,594,Moravskoslezský,Moravia-Silesia,153.0,CSSD,Česká strana sociálně demokratická,Czech Social Democratic Party,1294,ČSSD,Poslanecký klub České strany sociálně demokratické,Political group Czech Social Democratic Party,2017-10-27,2021-10-20,2013-10-26,2017-10-26,False,False,,,,,,,,,
1375,5922,Chalánková,Jitka,MUDr.,,1957-03-23,,Ž,592,Olomoucký,Olomouc,948.0,TOP09,TOP 09,TOP 09,1112,TOP09-S,Poslanecký klub TOP 09 a Starostové,Political group TOP 09 a Starostové,2013-10-31,2017-10-26,2013-10-26,2017-10-26,False,False,,,,,,,,,
1308,5700,Adamec,Ivan,Mgr.,,1960-03-21,,M,588,Královéhradecký,Hradec Kralove,155.0,ODS,Občanská demokratická strana,Civic Democratic Party,1538,ODS,Poslanecký klub Občanské demokratické strany,Political group Civic Democratic Party,2021-10-12,,2013-10-26,2017-10-26,True,True,,,,,,,,,
1323,346,Bendl,Petr,Ing.,,1966-01-24,,M,582,Středočeský,Central Bohemia,155.0,ODS,Občanská demokratická strana,Civic Democratic Party,1538,ODS,Poslanecký klub Občanské demokratické strany,Political group Civic Democratic Party,2021-10-12,,2013-10-26,2017-10-26,True,True,,,,,,,,,
1509,6268,Gabrhel,Vlastimil,Ing.,,1978-04-26,,M,591,Jihomoravský,Southern Moravia,153.0,CSSD,Česká strana sociálně demokratická,Czech Social Democratic Party,1107,ČSSD,Poslanecký klub České strany sociálně demokratické,Political group Czech Social Democratic Party,2014-04-30,2017-10-26,2014-04-30,2017-10-26,False,False,,,,,,,,,
1361,5297,Hašek,Michal,JUDr.,,1976-04-17,,M,591,Jihomoravský,Southern Moravia,153.0,CSSD,Česká strana sociálně demokratická,Czech Social Democratic Party,1107,ČSSD,Poslanecký klub České strany sociálně demokratické,Political group Czech Social Democratic Party,2013-10-29,2014-04-30,2013-10-26,2014-04-30,False,False,,,,,,,,,
1370,5918,Holík,Pavel,MUDr.,,1957-05-23,,M,592,Olomoucký,Olomouc,153.0,CSSD,Česká strana sociálně demokratická,Czech Social Democratic Party,1107,ČSSD,Poslanecký klub České strany sociálně demokratické,Political group Czech Social Democratic Party,2013-10-29,2017-10-26,2013-10-26,2017-10-26,False,False,,,,,,,,,
1520,6425,Jelonková,Barbora,MVDr.,,1972-08-14,,Ž,594,Moravskoslezský,Moravia-Silesia,153.0,CSSD,Česká strana sociálně demokratická,Czech Social Democratic Party,1107,ČSSD,Poslanecký klub České strany sociálně demokratické,Political group Czech Social Democratic Party,2017-07-01,2017-10-26,2017-07-01,2017-10-26,False,False,,,,,,,,,
1330,6182,Birke,Jan,,,1969-06-01,,M,588,Královéhradecký,Hradec Kralove,153.0,CSSD,Česká strana sociálně demokratická,Czech Social Democratic Party,1294,ČSSD,Poslanecký klub České strany sociálně demokratické,Political group Czech Social Democratic Party,2017-10-27,2021-10-20,2013-10-26,2017-10-26,False,False,,,,,,,,,
1455,6153,Sedlář,Martin,,,1972-12-21,,M,594,Moravskoslezský,Moravia-Silesia,1104.0,ANO2011,ANO2011,ANO2011,1108,ANO,Poslanecký klub ANO 2011,Political group ANO 2011,2013-10-30,2017-10-26,2013-10-26,2017-10-26,False,False,,,,,,,,,
1318,6178,Bartošek,Jan,Ing.,,1971-11-10,,M,583,Jihočeský,Southern Bohemia,151.0,KDU-ČSL,Křesťanská a demokratická unie - Československá strana lidová,Christian Democratic Union - Czechoslovak People's Party,1539,KDU-ČSL,Poslanecký klub KDU-ČSL,Political Group of the Christian and Democratic Union - Czechoslovak People's Party,2021-10-12,,2013-10-26,2017-10-26,True,True,,,,,,,,,
1397,5321,Konečná,Kateřina,Ing.,,1981-01-20,,Ž,594,Moravskoslezský,Moravia-Silesia,154.0,KSCM,Komunistická strana Čech a Moravy,Communist Party of Bohemia and Moravia,1109,KSČM,Poslanecký klub Komunistické strany Čech a Moravy,Political group Communist Party of Bohemia and Moravia,2013-10-27,2014-07-01,2013-10-26,2014-07-01,False,False,,,,,,,,,
1358,6139,Hájek,Josef,Ing.,,1956-07-03,,M,594,Moravskoslezský,Moravia-Silesia,1104.0,ANO2011,ANO2011,ANO2011,1292,ANO,Poslanecký klub ANO 2011,Political group ANO 2011,2017-10-24,2021-10-20,2013-10-26,2017-10-26,False,False,,,,,,,,,
1441,6232,Pleticha,Lukáš,JUDr. Ing.,,1974-10-18,,M,587,Liberecký,Liberec,153.0,CSSD,Česká strana sociálně demokratická,Czech Social Democratic Party,1107,ČSSD,Poslanecký klub České strany sociálně demokratické,Political group Czech Social Democratic Party,2013-10-29,2017-10-26,2013-10-26,2017-10-26,False,False,,,,,,,,,
1405,6214,Kovářová,Věra,Ing.,,1964-01-20,,Ž,582,Středočeský,Central Bohemia,948.0,TOP09,TOP 09,TOP 09,1536,STAN,Poslanecký klub Starostové a nezávislí,Political group Mayors and Independents,2021-10-15,,2013-10-26,2017-10-26,True,True,,,,,,,,,
1399,5939,Korte,Daniel,PhDr.,,1953-02-26,,M,581,Hlavní město Praha,Capital Prague,948.0,TOP09,TOP 09,TOP 09,1112,TOP09-S,Poslanecký klub TOP 09 a Starostové,Political group TOP 09 a Starostové,2013-10-31,2017-10-26,2013-10-26,2017-10-26,False,False,,,,,,,,,
1516,6379,Rutová,Miloslava,Mgr.,,1947-11-10,,Ž,584,Plzeňský,Plzen,1104.0,ANO2011,ANO2011,ANO2011,1292,ANO,Poslanecký klub ANO 2011,Political group ANO 2011,2017-10-24,2021-10-20,2016-01-14,2017-10-26,False,False,,,,,,,,,
1371,5919,Horáček,Václav,Mgr.,,1956-08-17,,M,587,Liberecký,Liberec,948.0,TOP09,TOP 09,TOP 09,1112,TOP09-S,Poslanecký klub TOP 09 a Starostové,Political group TOP 09 a Starostové,2013-10-31,2017-10-26,2013-10-26,2017-10-26,False,False,,,,,,,,,
1355,5914,Gazdík,Petr,Mgr.,,1974-06-26,,M,593,Zlínský,Zlin,948.0,TOP09,TOP 09,TOP 09,1536,STAN,Poslanecký klub Starostové a nezávislí,Political group Mayors and Independents,2021-10-15,,2013-10-26,2017-10-26,True,True,,,,,,,,,
1482,6169,Valenta,Jiří,PhDr. Ing. Mgr. et Mgr.,DBA,1965-12-28,,M,584,Plzeňský,Plzen,154.0,KSCM,Komunistická strana Čech a Moravy,Communist Party of Bohemia and Moravia,1293,KSČM,Poslanecký klub Komunistické strany Čech a Moravy,Political group Communist Party of Bohemia and Moravia,2017-10-24,2021-10-20,2013-10-26,2017-10-26,False,False,,,,,,,,,
1518,6418,Skopeček,Jan,Ing. et Ing.,Ph.D.,1980-10-21,,M,582,Středočeský,Central Bohemia,155.0,ODS,Občanská demokratická strana,Civic Democratic Party,1538,ODS,Poslanecký klub Občanské demokratické strany,Political group Civic Democratic Party,2021-10-12,,2017-03-14,2017-10-26,True,False,,,,,,,,,
1353,5911,Foldyna,Jaroslav,,,1960-06-26,,M,586,Ústecký,Usti nad Labem,153.0,CSSD,Česká strana sociálně demokratická,Czech Social Democratic Party,1540,SPD,Poslanecký klub Svoboda a přímá demokracie,Political group Freedom and Direct Democracy,2021-10-12,,2013-10-26,2017-10-26,True,True,,,,,,,,,
1368,6197,Holeček,Radim,Mgr. Bc.,,1976-06-21,,M,586,Ústecký,Usti nad Labem,155.0,ODS,Občanská demokratická strana,Civic Democratic Party,1106,ODS,Poslanecký klub Občanské demokratické strany,\tPolitical Group of the Civic Democratic Party,2013-10-30,2017-10-26,2013-10-26,2017-10-26,False,False,,,,,,,,,
1395,6211,Kolovratník,Martin,Ing.,,1975-04-11,,M,589,Pardubický,Pardubice,1104.0,ANO2011,ANO2011,ANO2011,1537,ANO,Poslanecký klub ANO 2011,Political group ANO 2011,2021-10-12,,2013-10-26,2017-10-26,True,True,,,,,,,,,
1450,5957,Putnová,Anna,doc. RNDr.,"Ph.D., MBA",1960-07-24,,Ž,591,Jihomoravský,Southern Moravia,948.0,TOP09,TOP 09,TOP 09,1112,TOP09-S,Poslanecký klub TOP 09 a Starostové,Political group TOP 09 a Starostové,2013-10-31,2017-10-26,2013-10-26,2017-10-26,False,False,,,,,,,,,
1352,5990,Fischerová,Jana,Ing.,CSc.,1955-08-20,,Ž,590,Vysočina,Vysocina,155.0,ODS,Občanská demokratická strana,Civic Democratic Party,1106,ODS,Poslanecký klub Občanské demokratické strany,\tPolitical Group of the Civic Democratic Party,2013-10-30,2017-10-26,2013-10-26,2017-10-26,False,False,,,,,,,,,
1470,5282,Šenfeld,Josef,Ing.,,1961-11-13,,M,586,Ústecký,Usti nad Labem,154.0,KSCM,Komunistická strana Čech a Moravy,Communist Party of Bohemia and Moravia,1109,KSČM,Poslanecký klub Komunistické strany Čech a Moravy,Political group Communist Party of Bohemia and Moravia,2013-10-27,2017-10-26,2013-10-26,2017-10-26,False,False,,,,,,,,,
1478,6170,Uhlík,Josef,Ing.,,1963-02-27,,M,591,Jihomoravský,Southern Moravia,151.0,KDU-ČSL,Křesťanská a demokratická unie - Československá strana lidová,Christian Democratic Union - Czechoslovak People's Party,1110,KDU-ČSL,Poslanecký klub Křesťanské a demokratické unie-Československé strany lidové,Political Group of the Christian and Democratic Union - Czechoslovak People's Party,2013-10-31,2017-10-26,2013-10-26,2017-10-26,False,False,,,,,,,,,
1451,6158,Rais,Karel,prof. Ing.,"CSc., MBA",1949-10-14,,M,591,Jihomoravský,Southern Moravia,1104.0,ANO2011,ANO2011,ANO2011,1537,ANO,Poslanecký klub ANO 2011,Political group ANO 2011,2021-10-12,,2013-10-26,2017-10-26,True,True,,,,,,,,,
1407,6215,Kubíček,Roman,Ing.,"Ph.D., MBA",1963-05-06,,M,583,Jihočeský,Southern Bohemia,1104.0,ANO2011,ANO2011,ANO2011,1537,ANO,Poslanecký klub ANO 2011,Political group ANO 2011,2021-10-12,,2013-10-26,2017-10-26,True,True,,,,,,,,,
1462,237,Sobotka,Bohuslav,Mgr.,,1971-10-23,,M,591,Jihomoravský,Southern Moravia,153.0,CSSD,Česká strana sociálně demokratická,Czech Social Democratic Party,1294,ČSSD,Poslanecký klub České strany sociálně demokratické,Political group Czech Social Democratic Party,2017-10-27,2018-03-31,2013-10-26,2017-10-26,False,False,,,,,,,,,
1408,6216,Kučera,Michal,Ing.,,1968-10-04,,M,586,Ústecký,Usti nad Labem,948.0,TOP09,TOP 09,TOP 09,1541,TOP09,Poslanecký klub TOP 09,Political group TOP 09,2021-10-12,,2013-10-26,2017-10-26,True,True,,,,,,,,,
1401,5433,Koskuba,Jiří,MUDr.,,1955-12-14,,M,581,Hlavní město Praha,Capital Prague,153.0,CSSD,Česká strana sociálně demokratická,Czech Social Democratic Party,1107,ČSSD,Poslanecký klub České strany sociálně demokratické,Political group Czech Social Democratic Party,2013-10-29,2017-10-26,2013-10-26,2017-10-26,False,False,,,,,,,,,
1433,6225,Pastuchová,Jana,Mgr.,,1965-07-21,,Ž,587,Liberecký,Liberec,1104.0,ANO2011,ANO2011,ANO2011,1537,ANO,Poslanecký klub ANO 2011,Political group ANO 2011,2021-10-12,,2013-10-26,2017-10-26,True,True,,,,,,,,,
1312,5891,Antonín,Pavel,MUDr.,,1962-06-05,,M,590,Vysočina,Vysocina,153.0,CSSD,Česká strana sociálně demokratická,Czech Social Democratic Party,1107,ČSSD,Poslanecký klub České strany sociálně demokratické,Political group Czech Social Democratic Party,2013-10-29,2017-10-26,2013-10-26,2017-10-26,False,False,,,,,,,,,
1373,5920,Hubáčková,Gabriela,,,1975-01-28,,Ž,586,Ústecký,Usti nad Labem,154.0,KSCM,Komunistická strana Čech a Moravy,Communist Party of Bohemia and Moravia,1109,KSČM,Poslanecký klub Komunistické strany Čech a Moravy,Political group Communist Party of Bohemia and Moravia,2013-10-27,2017-10-26,2013-10-26,2017-10-26,False,False,,,,,,,,,
1406,5279,Krákora,Jaroslav,MUDr.,,1955-10-25,,M,586,Ústecký,Usti nad Labem,153.0,CSSD,Česká strana sociálně demokratická,Czech Social Democratic Party,1107,ČSSD,Poslanecký klub České strany sociálně demokratické,Political group Czech Social Democratic Party,2013-10-29,2017-10-26,2013-10-26,2017-10-26,False,False,,,,,,,,,
1306,6146,Adam,Petr,Mgr.,,1982-08-12,,M,591,Jihomoravský,Southern Moravia,1105.0,Usvit,Úsvit přímé demokracie Tomia Okamury,Rise of Direct Democracy of Tomio Okamura,1165,Nezařaz,Nezařazení,Unclassified Deputies,2015-09-15,2017-10-26,2013-10-26,2017-10-26,False,False,,,,,,,,,
1400,6212,Kořenek,Petr,Mgr.,,1966-08-23,,M,593,Zlínský,Zlin,153.0,CSSD,Česká strana sociálně demokratická,Czech Social Democratic Party,1107,ČSSD,Poslanecký klub České strany sociálně demokratické,Political group Czech Social Democratic Party,2013-10-29,2017-10-26,2013-10-26,2017-10-26,False,False,,,,,,,,,
1479,422,Urban,Milan,Ing.,,1958-10-15,,M,582,Středočeský,Central Bohemia,153.0,CSSD,Česká strana sociálně demokratická,Czech Social Democratic Party,1107,ČSSD,Poslanecký klub České strany sociálně demokratické,Political group Czech Social Democratic Party,2013-10-29,2017-10-26,2013-10-26,2017-10-26,False,False,,,,,,,,,
1438,5487,Petrů,Jiří,Ing.,,1956-08-17,,M,591,Jihomoravský,Southern Moravia,153.0,CSSD,Česká strana sociálně demokratická,Czech Social Democratic Party,1107,ČSSD,Poslanecký klub České strany sociálně demokratické,Political group Czech Social Democratic Party,2013-10-29,2017-10-26,2013-10-26,2017-10-26,False,False,,,,,,,,,
1424,6176,Nováková,Nina,Mgr.,,1954-03-14,,Ž,582,Středočeský,Central Bohemia,948.0,TOP09,TOP 09,TOP 09,1539,KDU-ČSL,Poslanecký klub KDU-ČSL,Political Group of the Christian and Democratic Union - Czechoslovak People's Party,2021-10-12,,2013-10-26,2017-10-26,True,True,,,,,,,,,
1458,5558,Schwarzenberg,Karel,,,1937-12-10,2023-11-12,M,581,Hlavní město Praha,Capital Prague,948.0,TOP09,TOP 09,TOP 09,1299,TOP09,Poslanecký klub TOP 09,Political group TOP 09,2017-10-31,2021-10-20,2013-10-26,2017-10-26,False,False,,,,,,,,,
1468,6007,Svoboda,Bohuslav,Doc. MUDr.,CSc.,1944-02-08,,M,581,Hlavní město Praha,Capital Prague,155.0,ODS,Občanská demokratická strana,Civic Democratic Party,1538,ODS,Poslanecký klub Občanské demokratické strany,Political group Civic Democratic Party,2021-10-12,,2013-10-26,2017-10-26,True,True,,,,,,,,,
1456,5962,Semelová,Marta,Mgr.,,1960-03-01,,Ž,581,Hlavní město Praha,Capital Prague,154.0,KSCM,Komunistická strana Čech a Moravy,Communist Party of Bohemia and Moravia,1109,KSČM,Poslanecký klub Komunistické strany Čech a Moravy,Political group Communist Party of Bohemia and Moravia,2013-10-27,2017-10-26,2013-10-26,2017-10-26,False,False,,,,,,,,,
1420,5269,Mládek,Jan,Ing.,CSc.,1960-06-01,,M,583,Jihočeský,Southern Bohemia,153.0,CSSD,Česká strana sociálně demokratická,Czech Social Democratic Party,1107,ČSSD,Poslanecký klub České strany sociálně demokratické,Political group Czech Social Democratic Party,2013-10-29,2017-10-26,2013-10-26,2017-10-26,False,False,,,,,,,,,
1389,6207,Kaňkovský,Vít,MUDr.,,1970-02-05,,M,590,Vysočina,Vysocina,151.0,KDU-ČSL,Křesťanská a demokratická unie - Československá strana lidová,Christian Democratic Union - Czechoslovak People's Party,1539,KDU-ČSL,Poslanecký klub KDU-ČSL,Political Group of the Christian and Democratic Union - Czechoslovak People's Party,2021-10-12,,2013-10-26,2017-10-26,True,True,,,,,,,,,
1340,6187,Čihák,Pavel,Ing.,,1960-01-22,,M,582,Středočeský,Central Bohemia,1104.0,ANO2011,ANO2011,ANO2011,1108,ANO,Poslanecký klub ANO 2011,Political group ANO 2011,2013-10-30,2017-10-26,2013-10-26,2017-10-26,False,False,,,,,,,,,
1443,6171,Plzák,Pavel,MUDr.,,1960-08-18,2024-04-06,M,588,Královéhradecký,Hradec Kralove,1104.0,ANO2011,ANO2011,ANO2011,1292,ANO,Poslanecký klub ANO 2011,Political group ANO 2011,2017-10-24,2021-10-20,2013-10-26,2017-10-26,False,False,,,,,,,,,
1313,6149,Aulická Jírovcová,Hana,Ing.,,1981-04-07,,Ž,586,Ústecký,Usti nad Labem,154.0,KSCM,Komunistická strana Čech a Moravy,Communist Party of Bohemia and Moravia,1293,KSČM,Poslanecký klub Komunistické strany Čech a Moravy,Political group Communist Party of Bohemia and Moravia,2017-10-24,2021-10-20,2013-10-26,2017-10-26,False,False,,,,,,,,,
1346,5909,Farský,Jan,Mgr.,,1979-07-11,,M,587,Liberecký,Liberec,948.0,TOP09,TOP 09,TOP 09,1536,STAN,Poslanecký klub Starostové a nezávislí,Political group Mayors and Independents,2021-10-15,2022-02-15,2013-10-26,2017-10-26,False,False,,,,,,,,,
1445,6233,Pojezný,Ivo,Mgr.,,1961-05-21,,M,591,Jihomoravský,Southern Moravia,154.0,KSCM,Komunistická strana Čech a Moravy,Communist Party of Bohemia and Moravia,1293,KSČM,Poslanecký klub Komunistické strany Čech a Moravy,Political group Communist Party of Bohemia and Moravia,2017-10-24,2021-10-20,2013-10-26,2017-10-26,False,False,,,,,,,,,
1423,6223,Nohavová,Alena,,,1960-04-07,,Ž,583,Jihočeský,Southern Bohemia,154.0,KSCM,Komunistická strana Čech a Moravy,Communist Party of Bohemia and Moravia,1109,KSČM,Poslanecký klub Komunistické strany Čech a Moravy,Political group Communist Party of Bohemia and Moravia,2013-10-27,2017-10-26,2013-10-26,2017-10-26,False,False,,,,,,,,,
1427,6174,Nykl,Igor,MUDr.,,1963-09-11,,M,594,Moravskoslezský,Moravia-Silesia,1104.0,ANO2011,ANO2011,ANO2011,1108,ANO,Poslanecký klub ANO 2011,Political group ANO 2011,2013-10-30,2017-10-26,2013-10-26,2017-10-26,False,False,,,,,,,,,
1349,6191,Fiedler,Karel,Ing.,,1961-12-31,,M,594,Moravskoslezský,Moravia-Silesia,1105.0,Usvit,Úsvit přímé demokracie Tomia Okamury,Rise of Direct Democracy of Tomio Okamura,1165,Nezařaz,Nezařazení,Unclassified Deputies,2016-05-07,2017-10-26,2013-10-26,2017-10-26,False,False,,,,,,,,,
1417,5938,Matušovská,Květa,Ing.,,1984-06-04,,Ž,589,Pardubický,Pardubice,154.0,KSCM,Komunistická strana Čech a Moravy,Communist Party of Bohemia and Moravia,1293,KSČM,Poslanecký klub Komunistické strany Čech a Moravy,Political group Communist Party of Bohemia and Moravia,2017-10-24,2021-10-20,2013-10-26,2017-10-26,False,False,,,,,,,,,
1387,6206,Kailová,Zuzana,Bc.,,1974-07-21,,Ž,586,Ústecký,Usti nad Labem,153.0,CSSD,Česká strana sociálně demokratická,Czech Social Democratic Party,1107,ČSSD,Poslanecký klub České strany sociálně demokratické,Political group Czech Social Democratic Party,2013-10-29,2017-10-26,2013-10-26,2017-10-26,False,False,,,,,,,,,
1517,6409,Petrtýl,František,Ing.,,1959-03-09,,M,582,Středočeský,Central Bohemia,1104.0,ANO2011,ANO2011,ANO2011,1537,ANO,Poslanecký klub ANO 2011,Political group ANO 2011,2021-10-12,,2017-01-03,2017-10-26,True,False,,,,,,,,,
1410,5943,Langšádlová,Helena,Mgr.,,1963-10-14,,Ž,582,Středočeský,Central Bohemia,948.0,TOP09,TOP 09,TOP 09,1541,TOP09,Poslanecký klub TOP 09,Political group TOP 09,2021-10-12,,2013-10-26,2017-10-26,True,True,,,,,,,,,
1472,5507,Šincl,Ladislav,Ing.,,1965-09-20,,M,594,Moravskoslezský,Moravia-Silesia,153.0,CSSD,Česká strana sociálně demokratická,Czech Social Democratic Party,1107,ČSSD,Poslanecký klub České strany sociálně demokratické,Political group Czech Social Democratic Party,2013-10-29,2017-07-01,2013-10-26,2017-07-01,False,False,,,,,,,,,
1503,6155,Zimola,Jiří,Mgr.,,1971-03-28,,M,583,Jihočeský,Southern Bohemia,153.0,CSSD,Česká strana sociálně demokratická,Czech Social Democratic Party,1107,ČSSD,Poslanecký klub České strany sociálně demokratické,Political group Czech Social Democratic Party,2013-10-29,2014-03-31,2013-10-26,2014-03-31,False,False,,,,,,,,,
1411,6218,Lank,Martin,,,1976-08-10,,M,590,Vysočina,Vysocina,1105.0,Usvit,Úsvit přímé demokracie Tomia Okamury,Rise of Direct Democracy of Tomio Okamura,1111,Úsvit,Poslanecký klub Úsvit - Národní Koalice,Political group of Usvit - Narodni Koalice,2013-11-05,2017-10-26,2013-10-26,2017-10-26,False,False,,,,,,,,,
1309,467,Adámek,František,Bc.,,1955-02-28,,M,581,Hlavní město Praha,Capital Prague,153.0,CSSD,Česká strana sociálně demokratická,Czech Social Democratic Party,1107,ČSSD,Poslanecký klub České strany sociálně demokratické,Political group Czech Social Democratic Party,2013-10-29,2017-10-26,2013-10-26,2017-10-26,False,False,,,,,,,,,
1386,5933,Kádner,David,,,1976-10-12,,M,586,Ústecký,Usti nad Labem,1105.0,Usvit,Úsvit přímé demokracie Tomia Okamury,Rise of Direct Democracy of Tomio Okamura,1111,Úsvit,Poslanecký klub Úsvit - Národní Koalice,Political group of Usvit - Narodni Koalice,2013-11-05,2017-10-26,2013-10-26,2017-10-26,False,False,,,,,,,,,
1453,5310,Seďa,Antonín,Ing.,,1960-12-12,,M,593,Zlínský,Zlin,153.0,CSSD,Česká strana sociálně demokratická,Czech Social Democratic Party,1107,ČSSD,Poslanecký klub České strany sociálně demokratické,Political group Czech Social Democratic Party,2013-10-29,2017-10-26,2013-10-26,2017-10-26,False,False,,,,,,,,,
1473,6144,Šrámek,Pavel,Ing.,MBA,1965-03-25,,M,584,Plzeňský,Plzen,1104.0,ANO2011,ANO2011,ANO2011,1108,ANO,Poslanecký klub ANO 2011,Political group ANO 2011,2013-10-30,2017-10-26,2013-10-26,2017-10-26,False,False,,,,,,,,,
1493,6162,Vozka,Vlastimil,Ing.,,1954-03-20,,M,586,Ústecký,Usti nad Labem,1104.0,ANO2011,ANO2011,ANO2011,1108,ANO,Poslanecký klub ANO 2011,Political group ANO 2011,2013-10-30,2017-10-26,2013-10-26,2017-10-26,False,False,,,,,,,,,
1332,5342,Böhnisch,Robin,PhDr.,,1976-11-23,,M,588,Královéhradecký,Hradec Kralove,153.0,CSSD,Česká strana sociálně demokratická,Czech Social Democratic Party,1107,ČSSD,Poslanecký klub České strany sociálně demokratické,Political group Czech Social Democratic Party,2013-10-29,2017-10-26,2013-10-26,2017-10-26,False,False,,,,,,,,,
1393,6210,Klaška,Jaroslav,Ing. arch.,,1962-06-28,,M,591,Jihomoravský,Southern Moravia,151.0,KDU-ČSL,Křesťanská a demokratická unie - Československá strana lidová,Christian Democratic Union - Czechoslovak People's Party,1110,KDU-ČSL,Poslanecký klub Křesťanské a demokratické unie-Československé strany lidové,Political Group of the Christian and Democratic Union - Czechoslovak People's Party,2013-10-31,2017-10-26,2013-10-26,2017-10-26,False,False,,,,,,,,,
1354,6193,Gabal,Ivan,PhDr.,,1951-01-15,,M,582,Středočeský,Central Bohemia,151.0,KDU-ČSL,Křesťanská a demokratická unie - Československá strana lidová,Christian Democratic Union - Czechoslovak People's Party,1110,KDU-ČSL,Poslanecký klub Křesťanské a demokratické unie-Československé strany lidové,Political Group of the Christian and Democratic Union - Czechoslovak People's Party,2013-10-31,2017-10-26,2013-10-26,2017-10-26,False,False,,,,,,,,,
1504,5718,Zlatuška,Jiří,prof. RNDr.,CSc.,1957-09-15,,M,581,Hlavní město Praha,Capital Prague,1104.0,ANO2011,ANO2011,ANO2011,1108,ANO,Poslanecký klub ANO 2011,Political group ANO 2011,2013-10-30,2017-10-26,2013-10-26,2017-10-26,False,False,,,,,,,,,
1422,401,Němcová,Miroslava,,,1952-11-17,,Ž,581,Hlavní město Praha,Capital Prague,155.0,ODS,Občanská demokratická strana,Civic Democratic Party,1295,ODS,Poslanecký klub Občanské demokratické strany,Political group Civic Democratic Party,2017-10-24,2020-10-10,2013-10-26,2017-10-26,False,False,,,,,,,,,
1431,6224,Ondráček,Zdeněk,JUDr. PhDr.,Ph.D.,1969-07-28,,M,588,Královéhradecký,Hradec Kralove,154.0,KSCM,Komunistická strana Čech a Moravy,Communist Party of Bohemia and Moravia,1293,KSČM,Poslanecký klub Komunistické strany Čech a Moravy,Political group Communist Party of Bohemia and Moravia,2017-10-24,2021-10-20,2013-10-26,2017-10-26,False,False,,,,,,,,,
1367,6196,Holeček,Jiří,Bc.,,1972-04-26,,M,581,Hlavní město Praha,Capital Prague,1104.0,ANO2011,ANO2011,ANO2011,1108,ANO,Poslanecký klub ANO 2011,Political group ANO 2011,2013-10-30,2017-10-26,2013-10-26,2017-10-26,False,False,,,,,,,,,
1319,312,Bebarová Rujbrová,Zuzka,JUDr.,,1951-01-13,,Ž,591,Jihomoravský,Southern Moravia,154.0,KSCM,Komunistická strana Čech a Moravy,Communist Party of Bohemia and Moravia,1109,KSČM,Poslanecký klub Komunistické strany Čech a Moravy,Political group Communist Party of Bohemia and Moravia,2013-10-27,2017-10-26,2013-10-26,2017-10-26,False,False,,,,,,,,,
1351,303,Filip,Vojtěch,JUDr.,,1955-01-13,,M,583,Jihočeský,Southern Bohemia,154.0,KSCM,Komunistická strana Čech a Moravy,Communist Party of Bohemia and Moravia,1293,KSČM,Poslanecký klub Komunistické strany Čech a Moravy,Political group Communist Party of Bohemia and Moravia,2017-10-24,2021-10-20,2013-10-26,2017-10-26,False,False,,,,,,,,,
1416,5290,Marková,Soňa,Mgr.,,1963-02-25,,Ž,588,Královéhradecký,Hradec Kralove,154.0,KSCM,Komunistická strana Čech a Moravy,Communist Party of Bohemia and Moravia,1109,KSČM,Poslanecký klub Komunistické strany Čech a Moravy,Political group Communist Party of Bohemia and Moravia,2013-10-27,2017-10-26,2013-10-26,2017-10-26,False,False,,,,,,,,,
1378,5926,Chvojka,Jan,JUDr.,,1980-12-17,,M,589,Pardubický,Pardubice,153.0,CSSD,Česká strana sociálně demokratická,Czech Social Democratic Party,1294,ČSSD,Poslanecký klub České strany sociálně demokratické,Political group Czech Social Democratic Party,2017-10-27,2021-10-20,2013-10-26,2017-10-26,False,False,,,,,,,,,
1489,6164,Vondrášek,Josef,Ing.,,1950-07-25,2020-12-29,M,582,Středočeský,Central Bohemia,154.0,KSCM,Komunistická strana Čech a Moravy,Communist Party of Bohemia and Moravia,1109,KSČM,Poslanecký klub Komunistické strany Čech a Moravy,Political group Communist Party of Bohemia and Moravia,2013-10-27,2017-10-26,2013-10-26,2017-10-26,False,False,,,,,,,,,
1486,6167,Volčík,Pavel,MUDr.,,1950-09-07,,M,593,Zlínský,Zlin,1104.0,ANO2011,ANO2011,ANO2011,1108,ANO,Poslanecký klub ANO 2011,Political group ANO 2011,2013-10-30,2017-10-26,2013-10-26,2017-10-26,False,False,,,,,,,,,
1320,6002,Běhounek,Jiří,MUDr.,,1952-05-13,,M,590,Vysočina,Vysocina,153.0,CSSD,Česká strana sociálně demokratická,Czech Social Democratic Party,1294,ČSSD,Poslanecký klub České strany sociálně demokratické,Political group Czech Social Democratic Party,2017-10-27,2021-10-20,2013-10-26,2017-10-26,False,False,,,,,,,,,
1337,5903,Černochová,Jana,Mgr.,,1973-10-26,,Ž,581,Hlavní město Praha,Capital Prague,155.0,ODS,Občanská demokratická strana,Civic Democratic Party,1538,ODS,Poslanecký klub Občanské demokratické strany,Political group Civic Democratic Party,2021-10-12,,2013-10-26,2017-10-26,True,True,,,,,,,,,
1316,6152,Bačiak,Miloslav,doc. RNDr.,Ph.D.,1952-10-28,,M,590,Vysočina,Vysocina,1104.0,ANO2011,ANO2011,ANO2011,1108,ANO,Poslanecký klub ANO 2011,Political group ANO 2011,2013-10-30,2013-11-27,2013-10-26,2013-11-27,False,False,,,,,,,,,
1502,5989,Zemek,Václav,Ing.,,1974-04-13,,M,582,Středočeský,Central Bohemia,153.0,CSSD,Česká strana sociálně demokratická,Czech Social Democratic Party,1107,ČSSD,Poslanecký klub České strany sociálně demokratické,Political group Czech Social Democratic Party,2013-10-29,2017-10-26,2013-10-26,2017-10-26,False,False,,,,,,,,,
1499,6157,Zavadil,Jaroslav,,,1944-04-12,,M,581,Hlavní město Praha,Capital Prague,153.0,CSSD,Česká strana sociálně demokratická,Czech Social Democratic Party,1107,ČSSD,Poslanecký klub České strany sociálně demokratické,Political group Czech Social Democratic Party,2013-10-29,2017-10-26,2013-10-26,2017-10-26,False,False,,,,,,,,,
1369,6198,Holík,Jaroslav,Ing.,,1953-06-29,,M,593,Zlínský,Zlin,1105.0,Usvit,Úsvit přímé demokracie Tomia Okamury,Rise of Direct Democracy of Tomio Okamura,1298,SPD,Poslanecký klub Svoboda a přímá demokracie,Political group Freedom and Direct Democracy,2017-10-26,2021-10-20,2013-10-26,2017-10-26,False,False,,,,,,,,,
1439,6230,Pfléger,Stanislav,,,1958-05-14,,M,586,Ústecký,Usti nad Labem,1104.0,ANO2011,ANO2011,ANO2011,1108,ANO,Poslanecký klub ANO 2011,Political group ANO 2011,2013-10-30,2017-10-26,2013-10-26,2017-10-26,False,False,,,,,,,,,
1329,6181,Beznoska,Adolf,Ing.,,1961-12-25,,M,582,Středočeský,Central Bohemia,155.0,ODS,Občanská demokratická strana,Civic Democratic Party,1106,ODS,Poslanecký klub Občanské demokratické strany,\tPolitical Group of the Civic Democratic Party,2013-10-30,2017-03-14,2013-10-26,2017-03-14,False,False,,,,,,,,,
1497,5844,Zahradník,Jan,RNDr.,,1949-03-23,,M,583,Jihočeský,Southern Bohemia,155.0,ODS,Občanská demokratická strana,Civic Democratic Party,1295,ODS,Poslanecký klub Občanské demokratické strany,Political group Civic Democratic Party,2017-10-24,2021-10-20,2013-10-26,2017-10-26,False,False,,,,,,,,,
1480,5979,Váhalová,Dana,Mgr.,,1966-05-28,,Ž,594,Moravskoslezský,Moravia-Silesia,153.0,CSSD,Česká strana sociálně demokratická,Czech Social Democratic Party,1107,ČSSD,Poslanecký klub České strany sociálně demokratické,Political group Czech Social Democratic Party,2013-10-29,2017-10-26,2013-10-26,2017-10-26,False,False,,,,,,,,,
1494,6161,Vyzula,Rostislav,prof. MUDr.,CSc.,1952-12-03,,M,591,Jihomoravský,Southern Moravia,1104.0,ANO2011,ANO2011,ANO2011,1292,ANO,Poslanecký klub ANO 2011,Political group ANO 2011,2017-10-24,2021-10-20,2013-10-26,2017-10-26,False,False,,,,,,,,,
1362,6194,Havíř,Pavel,MUDr.,,1955-02-21,,M,589,Pardubický,Pardubice,153.0,CSSD,Česká strana sociálně demokratická,Czech Social Democratic Party,1107,ČSSD,Poslanecký klub České strany sociálně demokratické,Political group Czech Social Democratic Party,2013-10-29,2017-10-26,2013-10-26,2017-10-26,False,False,,,,,,,,,
1310,6147,Pekarová Adamová,Markéta,Ing.,,1984-10-02,,Ž,581,Hlavní město Praha,Capital Prague,948.0,TOP09,TOP 09,TOP 09,1541,TOP09,Poslanecký klub TOP 09,Political group TOP 09,2021-10-12,,2013-10-26,2017-10-26,True,True,,,,,,,,,
1491,5272,Votava,Václav,Ing.,,1956-06-18,,M,584,Plzeňský,Plzen,153.0,CSSD,Česká strana sociálně demokratická,Czech Social Democratic Party,1294,ČSSD,Poslanecký klub České strany sociálně demokratické,Political group Czech Social Democratic Party,2019-04-14,2021-10-20,2013-10-26,2017-10-26,False,False,,,,,,,,,
1364,5917,Heger,Leoš,doc. MUDr.,CSc.,1948-02-11,,M,588,Královéhradecký,Hradec Kralove,948.0,TOP09,TOP 09,TOP 09,1112,TOP09-S,Poslanecký klub TOP 09 a Starostové,Political group TOP 09 a Starostové,2013-10-31,2017-10-26,2013-10-26,2017-10-26,False,False,,,,,,,,,
1418,6221,Maxová,Radka,Ing.,,1968-12-02,,Ž,583,Jihočeský,Southern Bohemia,1104.0,ANO2011,ANO2011,ANO2011,1292,ANO,Poslanecký klub ANO 2011,Political group ANO 2011,2017-10-24,2019-07-02,2013-10-26,2017-10-26,False,False,,,,,,,,,
1376,6199,Chalupa,Bohuslav,Ing.,,1960-06-15,,M,591,Jihomoravský,Southern Moravia,1104.0,ANO2011,ANO2011,ANO2011,1108,ANO,Poslanecký klub ANO 2011,Political group ANO 2011,2013-10-30,2017-10-26,2013-10-26,2017-10-26,False,False,,,,,,,,,
1363,6141,Havlová,Olga,,,1953-07-25,,Ž,594,Moravskoslezský,Moravia-Silesia,1105.0,Usvit,Úsvit přímé demokracie Tomia Okamury,Rise of Direct Democracy of Tomio Okamura,1111,Úsvit,Poslanecký klub Úsvit - Národní Koalice,Political group of Usvit - Narodni Koalice,2013-11-05,2017-10-26,2013-10-26,2017-10-26,False,False,,,,,,,,,
1463,6237,Soukup,Zdeněk,PhDr.,,1952-12-06,,M,585,Karlovarský,Karlovy Vary,1104.0,ANO2011,ANO2011,ANO2011,1108,ANO,Poslanecký klub ANO 2011,Political group ANO 2011,2013-10-30,2017-10-26,2013-10-26,2017-10-26,False,False,,,,,,,,,
1485,5866,Velebný,Ladislav,,,1957-04-11,,M,594,Moravskoslezský,Moravia-Silesia,153.0,CSSD,Česká strana sociálně demokratická,Czech Social Democratic Party,1107,ČSSD,Poslanecký klub České strany sociálně demokratické,Political group Czech Social Democratic Party,2013-10-29,2017-10-26,2013-10-26,2017-10-26,False,False,,,,,,,,,
1452,5960,Rykala,Adam,Ing.,,1986-09-03,,M,594,Moravskoslezský,Moravia-Silesia,153.0,CSSD,Česká strana sociálně demokratická,Czech Social Democratic Party,1107,ČSSD,Poslanecký klub České strany sociálně demokratické,Political group Czech Social Democratic Party,2013-10-29,2017-10-26,2013-10-26,2017-10-26,False,False,,,,,,,,,
1334,6184,Brabec,Richard,Mgr.,,1966-07-05,,M,586,Ústecký,Usti nad Labem,1104.0,ANO2011,ANO2011,ANO2011,1537,ANO,Poslanecký klub ANO 2011,Political group ANO 2011,2021-10-12,,2013-10-26,2017-10-26,True,True,,,,,,,,,
1421,5948,Nekl,Josef,RSDr.,,1953-05-28,,M,592,Olomoucký,Olomouc,154.0,KSCM,Komunistická strana Čech a Moravy,Communist Party of Bohemia and Moravia,1109,KSČM,Poslanecký klub Komunistické strany Čech a Moravy,Political group Communist Party of Bohemia and Moravia,2013-10-27,2017-10-26,2013-10-26,2017-10-26,False,False,,,,,,,,,
1481,6137,Vácha,František,prof. RNDr.,Ph.D.,1966-09-11,,M,583,Jihočeský,Southern Bohemia,948.0,TOP09,TOP 09,TOP 09,1299,TOP09,Poslanecký klub TOP 09,Political group TOP 09,2017-10-31,2021-10-20,2013-10-26,2017-10-26,False,False,,,,,,,,,
1429,6105,Okamura,Tomio,,,1972-07-04,,M,582,Středočeský,Central Bohemia,1105.0,Usvit,Úsvit přímé demokracie Tomia Okamury,Rise of Direct Democracy of Tomio Okamura,1540,SPD,Poslanecký klub Svoboda a přímá demokracie,Political group Freedom and Direct Democracy,2021-10-12,,2013-10-26,2017-10-26,True,True,,,,,,,,,
1430,6172,Okleštěk,Ladislav,,,1961-03-10,,M,592,Olomoucký,Olomouc,1104.0,ANO2011,ANO2011,ANO2011,1537,ANO,Poslanecký klub ANO 2011,Political group ANO 2011,2021-10-12,,2013-10-26,2017-10-26,True,True,,,,,,,,,
1444,6134,Podivínský,Tomáš Jan,Mgr.,,1969-11-21,,M,594,Moravskoslezský,Moravia-Silesia,151.0,KDU-ČSL,Křesťanská a demokratická unie - Československá strana lidová,Christian Democratic Union - Czechoslovak People's Party,1110,KDU-ČSL,Poslanecký klub Křesťanské a demokratické unie-Československé strany lidové,Political Group of the Christian and Democratic Union - Czechoslovak People's Party,2013-10-31,2014-12-08,2013-10-26,2014-12-08,False,False,,,,,,,,,
1469,6145,Šarapatka,Milan,Ing. Mgr.,Ph.D.,1955-12-05,,M,581,Hlavní město Praha,Capital Prague,1105.0,Usvit,Úsvit přímé demokracie Tomia Okamury,Rise of Direct Democracy of Tomio Okamura,1165,Nezařaz,Nezařazení,Unclassified Deputies,2015-03-25,2017-10-26,2013-10-26,2017-10-26,False,False,,,,,,,,,
1321,6138,Bělobrádek,Pavel,MVDr.,"Ph.D., MPA",1976-12-25,,M,588,Královéhradecký,Hradec Kralove,151.0,KDU-ČSL,Křesťanská a demokratická unie - Československá strana lidová,Christian Democratic Union - Czechoslovak People's Party,1539,KDU-ČSL,Poslanecký klub KDU-ČSL,Political Group of the Christian and Democratic Union - Czechoslovak People's Party,2021-10-12,,2013-10-26,2017-10-26,True,True,,,,,,,,,
1500,6156,Zelienková,Kristýna,Ing.,,1974-08-06,,Ž,582,Středočeský,Central Bohemia,1104.0,ANO2011,ANO2011,ANO2011,1112,TOP09-S,Poslanecký klub TOP 09 a Starostové,Political group TOP 09 a Starostové,2017-04-05,2017-10-26,2013-10-26,2017-10-26,False,False,,,,,,,,,
1435,5955,Pecková,Gabriela,MUDr.,,1957-01-19,,Ž,581,Hlavní město Praha,Capital Prague,948.0,TOP09,TOP 09,TOP 09,1112,TOP09-S,Poslanecký klub TOP 09 a Starostové,Political group TOP 09 a Starostové,2013-10-31,2017-10-26,2013-10-26,2017-10-26,False,False,,,,,,,,,
1314,6150,Babiš,Andrej,Ing.,,1954-09-02,,M,581,Hlavní město Praha,Capital Prague,1104.0,ANO2011,ANO2011,ANO2011,1537,ANO,Poslanecký klub ANO 2011,Political group ANO 2011,2021-10-12,,2013-10-26,2017-10-26,True,True,,,,,,,,,
1366,6195,Hnyková,Jana,,,1963-12-06,,Ž,587,Liberecký,Liberec,1105.0,Usvit,Úsvit přímé demokracie Tomia Okamury,Rise of Direct Democracy of Tomio Okamura,1165,Nezařaz,Nezařazení,Unclassified Deputies,2017-06-06,2017-10-26,2013-10-26,2017-10-26,False,False,,,,,,,,,
1382,6202,Pokorná Jermanová,Jaroslava,Ing.,,1970-08-17,,Ž,582,Středočeský,Central Bohemia,1104.0,ANO2011,ANO2011,ANO2011,1537,ANO,Poslanecký klub ANO 2011,Political group ANO 2011,2021-10-12,2024-06-28,2013-10-26,2017-01-03,False,False,,,,,,,,,
1383,6203,Jourová,Věra,Mgr. et Mgr.,,1964-08-18,,Ž,590,Vysočina,Vysocina,1104.0,ANO2011,ANO2011,ANO2011,1108,ANO,Poslanecký klub ANO 2011,Political group ANO 2011,2013-10-30,2014-10-21,2013-10-26,2014-10-21,False,False,,,,,,,,,
1392,5934,Klán,Jan,Mgr.,,1982-11-29,,M,582,Středočeský,Central Bohemia,154.0,KSCM,Komunistická strana Čech a Moravy,Communist Party of Bohemia and Moravia,1109,KSČM,Poslanecký klub Komunistické strany Čech a Moravy,Political group Communist Party of Bohemia and Moravia,2013-10-27,2017-10-26,2013-10-26,2017-10-26,False,False,,,,,,,,,
1474,5975,Štětina,Jiří,MUDr.,,1941-08-09,,M,588,Královéhradecký,Hradec Kralove,1105.0,Usvit,Úsvit přímé demokracie Tomia Okamury,Rise of Direct Democracy of Tomio Okamura,1111,Úsvit,Poslanecký klub Úsvit - Národní Koalice,Political group of Usvit - Narodni Koalice,2013-11-05,2017-10-26,2013-10-26,2017-10-26,False,False,,,,,,,,,
1339,354,Černý,Karel,,,1965-01-12,,M,590,Vysočina,Vysocina,153.0,CSSD,Česká strana sociálně demokratická,Czech Social Democratic Party,1107,ČSSD,Poslanecký klub České strany sociálně demokratické,Political group Czech Social Democratic Party,2013-10-29,2017-10-26,2013-10-26,2017-10-26,False,False,,,,,,,,,
1326,6180,Berdychová,Martina,Mgr.,,1971-04-29,,Ž,588,Královéhradecký,Hradec Kralove,1104.0,ANO2011,ANO2011,ANO2011,1108,ANO,Poslanecký klub ANO 2011,Political group ANO 2011,2013-10-30,2017-10-26,2013-10-26,2017-10-26,False,False,,,,,,,,,
1415,6220,Mackovík,Stanislav,Bc.,,1967-03-11,,M,587,Liberecký,Liberec,154.0,KSCM,Komunistická strana Čech a Moravy,Communist Party of Bohemia and Moravia,1109,KSČM,Poslanecký klub Komunistické strany Čech a Moravy,Political group Communist Party of Bohemia and Moravia,2013-10-27,2017-10-26,2013-10-26,2017-10-26,False,False,,,,,,,,,
1495,6160,Wernerová,Markéta,Ing.,,1983-08-02,,Ž,585,Karlovarský,Karlovy Vary,153.0,CSSD,Česká strana sociálně demokratická,Czech Social Democratic Party,1107,ČSSD,Poslanecký klub České strany sociálně demokratické,Political group Czech Social Democratic Party,2013-10-29,2017-10-26,2013-10-26,2017-10-26,False,False,,,,,,,,,
1381,6201,Janulík,Miloslav,MUDr.,,1962-09-21,,M,591,Jihomoravský,Southern Moravia,1104.0,ANO2011,ANO2011,ANO2011,1537,ANO,Poslanecký klub ANO 2011,Political group ANO 2011,2021-10-12,,2013-10-26,2017-10-26,True,True,,,,,,,,,
1404,309,Kováčik,Pavel,Ing.,,1955-07-02,,M,590,Vysočina,Vysocina,154.0,KSCM,Komunistická strana Čech a Moravy,Communist Party of Bohemia and Moravia,1293,KSČM,Poslanecký klub Komunistické strany Čech a Moravy,Political group Communist Party of Bohemia and Moravia,2017-10-24,2021-10-20,2013-10-26,2017-10-26,False,False,,,,,,,,,
1357,4778,Grospič,Stanislav,JUDr.,,1964-07-25,,M,582,Středočeský,Central Bohemia,154.0,KSCM,Komunistická strana Čech a Moravy,Communist Party of Bohemia and Moravia,1293,KSČM,Poslanecký klub Komunistické strany Čech a Moravy,Political group Communist Party of Bohemia and Moravia,2017-10-24,2021-10-20,2013-10-26,2017-10-26,False,False,,,,,,,,,
1515,6292,Golasowská,Pavla,Mgr. Bc.,DiS.,1964-05-18,,Ž,594,Moravskoslezský,Moravia-Silesia,151.0,KDU-ČSL,Křesťanská a demokratická unie - Československá strana lidová,Christian Democratic Union - Czechoslovak People's Party,1539,KDU-ČSL,Poslanecký klub KDU-ČSL,Political Group of the Christian and Democratic Union - Czechoslovak People's Party,2021-10-12,,2014-12-08,2017-10-26,True,False,,,,,,,,,
1412,5476,Laudát,František,Ing.,,1960-03-13,,M,581,Hlavní město Praha,Capital Prague,948.0,TOP09,TOP 09,TOP 09,1112,TOP09-S,Poslanecký klub TOP 09 a Starostové,Political group TOP 09 a Starostové,2013-10-31,2017-10-26,2013-10-26,2017-10-26,False,False,,,,,,,,,
1341,6188,Číp,René,Ing.,,1974-12-10,,M,594,Moravskoslezský,Moravia-Silesia,154.0,KSCM,Komunistická strana Čech a Moravy,Communist Party of Bohemia and Moravia,1109,KSČM,Poslanecký klub Komunistické strany Čech a Moravy,Political group Communist Party of Bohemia and Moravia,2013-10-27,2017-10-26,2013-10-26,2017-10-26,False,False,,,,,,,,,
1467,6238,Stupčuk,Štěpán,JUDr.,,1976-03-09,,M,581,Hlavní město Praha,Capital Prague,153.0,CSSD,Česká strana sociálně demokratická,Czech Social Democratic Party,1107,ČSSD,Poslanecký klub České strany sociálně demokratické,Political group Czech Social Democratic Party,2013-10-29,2017-10-26,2013-10-26,2017-10-26,False,False,,,,,,,,,
1454,6226,Sedláček,Jan,,,1979-06-08,,M,594,Moravskoslezský,Moravia-Silesia,1104.0,ANO2011,ANO2011,ANO2011,1108,ANO,Poslanecký klub ANO 2011,Political group ANO 2011,2013-10-30,2017-10-26,2013-10-26,2017-10-26,False,False,,,,,,,,,
1328,5897,Bezecný,Zdeněk,Mgr.,Ph.D.,1971-12-01,,M,583,Jihočeský,Southern Bohemia,948.0,TOP09,TOP 09,TOP 09,1112,TOP09-S,Poslanecký klub TOP 09 a Starostové,Political group TOP 09 a Starostové,2013-10-31,2017-10-26,2013-10-26,2017-10-26,False,False,,,,,,,,,
1325,6136,Benešová,Marie,Mgr.,,1948-04-17,2024-11-11,Ž,586,Ústecký,Usti nad Labem,153.0,CSSD,Česká strana sociálně demokratická,Czech Social Democratic Party,1107,ČSSD,Poslanecký klub České strany sociálně demokratické,Political group Czech Social Democratic Party,2013-10-29,2017-10-26,2013-10-26,2017-10-26,False,False,,,,,,,,,
1514,6288,Šánová,Zuzana,Ing.,,1959-05-24,,Ž,590,Vysočina,Vysocina,1104.0,ANO2011,ANO2011,ANO2011,1108,ANO,Poslanecký klub ANO 2011,Political group ANO 2011,2014-10-21,2017-10-26,2014-10-21,2017-10-26,False,False,,,,,,,,,
1347,6074,Fiala,Petr,Prof. PhDr.,"Ph.D., LL.M.",1964-09-01,,M,591,Jihomoravský,Southern Moravia,155.0,ODS,Občanská demokratická strana,Civic Democratic Party,1538,ODS,Poslanecký klub Občanské demokratické strany,Political group Civic Democratic Party,2021-10-12,,2013-10-26,2017-10-26,True,True,,,,,,,,,
1449,6235,Procházka,Roman,Ing.,,1968-11-23,2024-02-19,M,585,Karlovarský,Karlovy Vary,1104.0,ANO2011,ANO2011,ANO2011,1108,ANO,Poslanecký klub ANO 2011,Political group ANO 2011,2013-10-30,2017-10-26,2013-10-26,2017-10-26,False,False,,,,,,,,,
1434,6227,Pavera,Herbert,Mgr.,,1958-01-04,,M,594,Moravskoslezský,Moravia-Silesia,948.0,TOP09,TOP 09,TOP 09,1112,TOP09-S,Poslanecký klub TOP 09 a Starostové,Political group TOP 09 a Starostové,2013-10-31,2017-10-26,2013-10-26,2017-10-26,False,False,,,,,,,,,
1311,6148,Andrle Sylor,Augustin Karel,PaedDr. Mgr.,,1946-10-25,,M,589,Pardubický,Pardubice,1105.0,Usvit,Úsvit přímé demokracie Tomia Okamury,Rise of Direct Democracy of Tomio Okamura,1111,Úsvit,Poslanecký klub Úsvit - Národní Koalice,Political group of Usvit - Narodni Koalice,2013-11-05,2017-10-26,2013-10-26,2017-10-26,False,False,,,,,,,,,
1457,6236,Schwarz,Bronislav,Ing.,,1966-10-07,,M,586,Ústecký,Usti nad Labem,1104.0,ANO2011,ANO2011,ANO2011,1108,ANO,Poslanecký klub ANO 2011,Political group ANO 2011,2013-10-30,2017-10-26,2013-10-26,2017-10-26,False,False,,,,,,,,,
1505,6154,Ženíšek,Marek,PhDr.,Ph.D.,1978-11-26,,M,584,Plzeňský,Plzen,948.0,TOP09,TOP 09,TOP 09,1541,TOP09,Poslanecký klub TOP 09,Political group TOP 09,2021-10-12,,2013-10-26,2017-10-26,True,True,,,,,,,,,
1414,6219,Lorencová,Jana,,,1940-04-02,2023-04-13,Ž,594,Moravskoslezský,Moravia-Silesia,1104.0,ANO2011,ANO2011,ANO2011,1108,ANO,Poslanecký klub ANO 2011,Political group ANO 2011,2013-10-30,2017-10-26,2013-10-26,2017-10-26,False,False,,,,,,,,,
1365,6142,Herman,Daniel,Mgr.,,1963-04-28,,M,581,Hlavní město Praha,Capital Prague,151.0,KDU-ČSL,Křesťanská a demokratická unie - Československá strana lidová,Christian Democratic Union - Czechoslovak People's Party,1110,KDU-ČSL,Poslanecký klub Křesťanské a demokratické unie-Československé strany lidové,Political Group of the Christian and Democratic Union - Czechoslovak People's Party,2013-10-31,2017-10-26,2013-10-26,2017-10-26,False,False,,,,,,,,,
1508,5447,Bohdalová,Vlasta,Mgr.,,1957-09-18,,Ž,583,Jihočeský,Southern Bohemia,153.0,CSSD,Česká strana sociálně demokratická,Czech Social Democratic Party,1107,ČSSD,Poslanecký klub České strany sociálně demokratické,Political group Czech Social Democratic Party,2014-03-31,2017-10-26,2014-03-31,2017-10-26,False,False,,,,,,,,,
1403,6213,Koubek,Jiří,Mgr.,,1976-05-28,,M,581,Hlavní město Praha,Capital Prague,948.0,TOP09,TOP 09,TOP 09,1112,TOP09-S,Poslanecký klub TOP 09 a Starostové,Political group TOP 09 a Starostové,2013-10-31,2017-10-26,2013-10-26,2017-10-26,False,False,,,,,,,,,
1513,6284,Syblík,Zdeněk,Bc.,,1956-05-07,,M,582,Středočeský,Central Bohemia,153.0,CSSD,Česká strana sociálně demokratická,Czech Social Democratic Party,1107,ČSSD,Poslanecký klub České strany sociálně demokratické,Political group Czech Social Democratic Party,2014-08-28,2017-10-26,2014-08-28,2017-10-26,False,False,,,,,,,,,
1511,6280,Plíšek,Martin,Mgr.,,1974-11-11,,M,581,Hlavní město Praha,Capital Prague,948.0,TOP09,TOP 09,TOP 09,1112,TOP09-S,Poslanecký klub TOP 09 a Starostové,Political group TOP 09 a Starostové,2014-07-01,2017-10-26,2014-07-01,2017-10-26,False,False,,,,,,,,,
1448,6234,Pražák,Karel,,,1945-01-11,,M,583,Jihočeský,Southern Bohemia,1105.0,Usvit,Úsvit přímé demokracie Tomia Okamury,Rise of Direct Democracy of Tomio Okamura,1165,Nezařaz,Nezařazení,Unclassified Deputies,2015-04-02,2017-10-26,2013-10-26,2017-10-26,False,False,,,,,,,,,
1476,6239,Toufar,Lubomír,Ing.,,1954-03-26,,M,591,Jihomoravský,Southern Moravia,153.0,CSSD,Česká strana sociálně demokratická,Czech Social Democratic Party,1107,ČSSD,Poslanecký klub České strany sociálně demokratické,Political group Czech Social Democratic Party,2013-10-29,2017-10-26,2013-10-26,2017-10-26,False,False,,,,,,,,,
1344,5456,Dolejš,Richard,,,1970-08-13,,M,582,Středočeský,Central Bohemia,153.0,CSSD,Česká strana sociálně demokratická,Czech Social Democratic Party,1107,ČSSD,Poslanecký klub České strany sociálně demokratické,Political group Czech Social Democratic Party,2013-10-29,2017-10-26,2013-10-26,2017-10-26,False,False,,,,,,,,,
1413,392,Lobkowicz,Jaroslav,Ing.,,1942-08-16,,M,584,Plzeňský,Plzen,948.0,TOP09,TOP 09,TOP 09,1112,TOP09-S,Poslanecký klub TOP 09 a Starostové,Political group TOP 09 a Starostové,2013-10-31,2017-10-26,2013-10-26,2017-10-26,False,False,,,,,,,,,
1350,6192,Fichtner,Matěj,PhDr. Ing.,MBA,1984-06-02,,M,581,Hlavní město Praha,Capital Prague,1104.0,ANO2011,ANO2011,ANO2011,1108,ANO,Poslanecký klub ANO 2011,Political group ANO 2011,2013-10-30,2017-10-26,2013-10-26,2017-10-26,False,False,,,,,,,,,
1428,6173,Nytrová,Pavlína,Ing.,,1968-03-06,,Ž,594,Moravskoslezský,Moravia-Silesia,153.0,CSSD,Česká strana sociálně demokratická,Czech Social Democratic Party,1107,ČSSD,Poslanecký klub České strany sociálně demokratické,Political group Czech Social Democratic Party,2013-10-29,2017-10-26,2013-10-26,2017-10-26,False,False,,,,,,,,,
1464,5969,Stanjura,Zbyněk,Ing.,,1964-02-15,,M,594,Moravskoslezský,Moravia-Silesia,155.0,ODS,Občanská demokratická strana,Civic Democratic Party,1538,ODS,Poslanecký klub Občanské demokratické strany,Political group Civic Democratic Party,2021-10-12,,2013-10-26,2017-10-26,True,True,,,,,,,,,
1377,6200,Chovanec,Milan,,,1970-01-31,,M,584,Plzeňský,Plzen,153.0,CSSD,Česká strana sociálně demokratická,Czech Social Democratic Party,1294,ČSSD,Poslanecký klub České strany sociálně demokratické,Political group Czech Social Democratic Party,2017-10-27,2019-04-14,2013-10-26,2017-10-26,False,False,,,,,,,,,
1394,68,Klučka,Václav,Ing.,,1953-07-20,,M,594,Moravskoslezský,Moravia-Silesia,153.0,CSSD,Česká strana sociálně demokratická,Czech Social Democratic Party,1107,ČSSD,Poslanecký klub České strany sociálně demokratické,Political group Czech Social Democratic Party,2013-10-29,2017-10-26,2013-10-26,2017-10-26,False,False,,,,,,,,,
1345,6190,Faltýnek,Jaroslav,Ing.,,1962-04-28,,M,592,Olomoucký,Olomouc,1104.0,ANO2011,ANO2011,ANO2011,1537,ANO,Poslanecký klub ANO 2011,Political group ANO 2011,2021-10-12,,2013-10-26,2017-10-26,True,True,,,,,,,,,
1510,6279,Luzar,Leo,Ing. et Ing.,,1964-12-06,,M,594,Moravskoslezský,Moravia-Silesia,154.0,KSCM,Komunistická strana Čech a Moravy,Communist Party of Bohemia and Moravia,1293,KSČM,Poslanecký klub Komunistické strany Čech a Moravy,Political group Communist Party of Bohemia and Moravia,2017-10-24,2021-10-20,2014-07-01,2017-10-26,False,False,,,,,,,,,
1484,5980,Váňa,Roman,Ing.,,1966-11-01,,M,592,Olomoucký,Olomouc,153.0,CSSD,Česká strana sociálně demokratická,Czech Social Democratic Party,1107,ČSSD,Poslanecký klub České strany sociálně demokratické,Political group Czech Social Democratic Party,2013-10-29,2017-10-26,2013-10-26,2017-10-26,False,False,,,,,,,,,
1315,6151,Babiš,Miloš,,,1960-05-12,,M,582,Středočeský,Central Bohemia,1104.0,ANO2011,ANO2011,ANO2011,1108,ANO,Poslanecký klub ANO 2011,Political group ANO 2011,2013-10-30,2017-10-26,2013-10-26,2017-10-26,False,False,,,,,,,,,
1419,6222,Mihola,Jiří,Mgr.,Ph.D.,1972-06-01,,M,591,Jihomoravský,Southern Moravia,151.0,KDU-ČSL,Křesťanská a demokratická unie - Československá strana lidová,Christian Democratic Union - Czechoslovak People's Party,1297,KDU-ČSL,Poslanecký klub KDU-ČSL,Political group Christian and Democratic Union - Czechoslovak People's Party,2017-10-24,2021-10-20,2013-10-26,2017-10-26,False,False,,,,,,,,,
1333,6183,Borka,Jaroslav,Mgr.,,1952-10-18,,M,585,Karlovarský,Karlovy Vary,154.0,KSCM,Komunistická strana Čech a Moravy,Communist Party of Bohemia and Moravia,1109,KSČM,Poslanecký klub Komunistické strany Čech a Moravy,Political group Communist Party of Bohemia and Moravia,2013-10-27,2017-10-26,2013-10-26,2017-10-26,False,False,,,,,,,,,
1501,5987,Zemánek,Jiří,Mgr.,,1965-01-03,,M,592,Olomoucký,Olomouc,153.0,CSSD,Česká strana sociálně demokratická,Czech Social Democratic Party,1107,ČSSD,Poslanecký klub České strany sociálně demokratické,Political group Czech Social Democratic Party,2013-10-29,2017-10-26,2013-10-26,2017-10-26,False,False,,,,,,,,,
1487,6166,Volný,Jan,Ing.,,1959-06-15,,M,584,Plzeňský,Plzen,1104.0,ANO2011,ANO2011,ANO2011,1537,ANO,Poslanecký klub ANO 2011,Political group ANO 2011,2021-10-12,,2013-10-26,2017-10-26,True,True,,,,,,,,,
1359,5461,Halíková,Milada,PaedDr.,,1950-01-06,,Ž,594,Moravskoslezský,Moravia-Silesia,154.0,KSCM,Komunistická strana Čech a Moravy,Communist Party of Bohemia and Moravia,1109,KSČM,Poslanecký klub Komunistické strany Čech a Moravy,Political group Communist Party of Bohemia and Moravia,2013-10-27,2017-10-26,2013-10-26,2017-10-26,False,False,,,,,,,,,
1426,6175,Novotný,Martin,,,1972-01-21,,M,592,Olomoucký,Olomouc,155.0,ODS,Občanská demokratická strana,Civic Democratic Party,1106,ODS,Poslanecký klub Občanské demokratické strany,\tPolitical Group of the Civic Democratic Party,2013-10-30,2017-10-26,2013-10-26,2017-10-26,False,False,,,,,,,,,
1391,6209,Kasal,David,MUDr.,MHA,1969-01-01,,M,589,Pardubický,Pardubice,1104.0,ANO2011,ANO2011,ANO2011,1537,ANO,Poslanecký klub ANO 2011,Political group ANO 2011,2021-10-12,,2013-10-26,2017-10-26,True,True,,,,,,,,,
1496,6159,Zahradníček,Josef,,,1957-03-18,,M,590,Vysočina,Vysocina,154.0,KSCM,Komunistická strana Čech a Moravy,Communist Party of Bohemia and Moravia,1109,KSČM,Poslanecký klub Komunistické strany Čech a Moravy,Political group Communist Party of Bohemia and Moravia,2013-10-27,2017-10-26,2013-10-26,2017-10-26,False,False,,,,,,,,,
1374,5921,Huml,Stanislav,Mgr.,,1955-07-30,2021-12-28,M,582,Středočeský,Central Bohemia,153.0,CSSD,Česká strana sociálně demokratická,Czech Social Democratic Party,1107,ČSSD,Poslanecký klub České strany sociálně demokratické,Political group Czech Social Democratic Party,2013-10-29,2017-10-26,2013-10-26,2017-10-26,False,False,,,,,,,,,
1477,6240,Tureček,Karel,Ing.,,1971-02-01,,M,590,Vysočina,Vysocina,948.0,TOP09,TOP 09,TOP 09,1537,ANO,Poslanecký klub ANO 2011,Political group ANO 2011,2021-10-12,,2013-10-26,2017-10-26,True,True,,,,,,,,,
1432,5322,Opálka,Miroslav,RSDr.,,1952-10-09,,M,594,Moravskoslezský,Moravia-Silesia,154.0,KSCM,Komunistická strana Čech a Moravy,Communist Party of Bohemia and Moravia,1109,KSČM,Poslanecký klub Komunistické strany Čech a Moravy,Political group Communist Party of Bohemia and Moravia,2013-10-27,2017-10-26,2013-10-26,2017-10-26,False,False,,,,,,,,,
1360,5462,Hamáček,Jan,,,1978-11-04,,M,582,Středočeský,Central Bohemia,153.0,CSSD,Česká strana sociálně demokratická,Czech Social Democratic Party,1294,ČSSD,Poslanecký klub České strany sociálně demokratické,Political group Czech Social Democratic Party,2017-10-27,2021-10-20,2013-10-26,2017-10-26,False,False,,,,,,,,,
1317,6177,Balaštíková,Margita,,,1967-09-16,,Ž,593,Zlínský,Zlin,1104.0,ANO2011,ANO2011,ANO2011,1537,ANO,Poslanecký klub ANO 2011,Political group ANO 2011,2021-11-10,,2013-10-26,2017-10-26,True,True,,,,,,,,,
1506,6245,Sobotka,Jan,,,1978-04-09,,M,590,Vysočina,Vysocina,1104.0,ANO2011,ANO2011,ANO2011,1108,ANO,Poslanecký klub ANO 2011,Political group ANO 2011,2013-11-27,2013-12-03,2013-11-27,2013-12-03,False,False,,,,,,,,,
1442,5490,Ploc,Pavel,,,1964-06-15,,M,587,Liberecký,Liberec,153.0,CSSD,Česká strana sociálně demokratická,Czech Social Democratic Party,1107,ČSSD,Poslanecký klub České strany sociálně demokratické,Political group Czech Social Democratic Party,2013-10-29,2017-10-26,2013-10-26,2017-10-26,False,False,,,,,,,,,
1512,5520,Vilímec,Vladislav,Ing.,,1963-07-05,,M,584,Plzeňský,Plzen,155.0,ODS,Občanská demokratická strana,Civic Democratic Party,1106,ODS,Poslanecký klub Občanské demokratické strany,\tPolitical Group of the Civic Democratic Party,2014-06-20,2017-10-26,2014-06-20,2017-10-26,False,False,,,,,,,,,
1336,6186,Černoch,Marek,,,1969-08-11,,M,582,Středočeský,Central Bohemia,1105.0,Usvit,Úsvit přímé demokracie Tomia Okamury,Rise of Direct Democracy of Tomio Okamura,1111,Úsvit,Poslanecký klub Úsvit - Národní Koalice,Political group of Usvit - Narodni Koalice,2013-11-05,2017-10-26,2013-10-26,2017-10-26,False,False,,,,,,,,,
1492,6163,Vozdecký,Josef,Ing.,,1945-01-22,,M,584,Plzeňský,Plzen,1104.0,ANO2011,ANO2011,ANO2011,1108,ANO,Poslanecký klub ANO 2011,Political group ANO 2011,2013-10-30,2016-01-14,2013-10-26,2016-01-14,False,False,,,,,,,,,
1475,5513,Tejc,Jeroným,JUDr.,,1977-08-23,,M,591,Jihomoravský,Southern Moravia,153.0,CSSD,Česká strana sociálně demokratická,Czech Social Democratic Party,1107,ČSSD,Poslanecký klub České strany sociálně demokratické,Political group Czech Social Democratic Party,2013-10-29,2017-10-26,2013-10-26,2017-10-26,False,False,,,,,,,,,
1483,6168,Válková,Helena,prof. JUDr.,CSc.,1951-01-07,,Ž,581,Hlavní město Praha,Capital Prague,1104.0,ANO2011,ANO2011,ANO2011,1537,ANO,Poslanecký klub ANO 2011,Political group ANO 2011,2021-10-12,,2013-10-26,2017-10-26,True,True,,,,,,,,,
1327,6143,Berkovec,Stanislav,Mgr.,,1956-05-31,,M,582,Středočeský,Central Bohemia,1104.0,ANO2011,ANO2011,ANO2011,1537,ANO,Poslanecký klub ANO 2011,Political group ANO 2011,2021-10-12,,2013-10-26,2017-10-26,True,True,,,,,,,,,
1388,377,Kalousek,Miroslav,Ing.,,1960-12-17,,M,582,Středočeský,Central Bohemia,948.0,TOP09,TOP 09,TOP 09,1299,TOP09,Poslanecký klub TOP 09,Political group TOP 09,2017-10-31,2021-01-19,2013-10-26,2017-10-26,False,False,,,,,,,,,
1447,5273,Pospíšil,Jiří,JUDr.,,1975-11-24,,M,584,Plzeňský,Plzen,155.0,ODS,Občanská demokratická strana,Civic Democratic Party,1165,Nezařaz,Nezařazení,Unclassified Deputies,2014-02-04,2014-06-20,2013-10-26,2014-06-20,False,False,,,,,,,,,
1402,5940,Kostřica,Rom,prof. MUDr.,CSc.,1949-03-13,,M,591,Jihomoravský,Southern Moravia,948.0,TOP09,TOP 09,TOP 09,1112,TOP09-S,Poslanecký klub TOP 09 a Starostové,Political group TOP 09 a Starostové,2013-10-31,2017-10-26,2013-10-26,2017-10-26,False,False,,,,,,,,,
1338,5307,Černý,Alexander,RSDr.,,1953-05-21,,M,592,Olomoucký,Olomouc,154.0,KSCM,Komunistická strana Čech a Moravy,Communist Party of Bohemia and Moravia,1293,KSČM,Poslanecký klub Komunistické strany Čech a Moravy,Political group Communist Party of Bohemia and Moravia,2017-10-24,2021-10-20,2013-10-26,2017-10-26,False,False,,,,,,,,,
1466,443,Stropnický,Martin,MgA.,,1956-12-19,,M,591,Jihomoravský,Southern Moravia,1104.0,ANO2011,ANO2011,ANO2011,1292,ANO,Poslanecký klub ANO 2011,Political group ANO 2011,2017-10-24,2018-10-01,2013-10-26,2017-10-26,False,False,,,,,,,,,
1409,6217,Kudela,Petr,Ing.,,1969-03-10,,M,594,Moravskoslezský,Moravia-Silesia,151.0,KDU-ČSL,Křesťanská a demokratická unie - Československá strana lidová,Christian Democratic Union - Czechoslovak People's Party,1110,KDU-ČSL,Poslanecký klub Křesťanské a demokratické unie-Československé strany lidové,Political Group of the Christian and Democratic Union - Czechoslovak People's Party,2013-10-31,2017-10-26,2013-10-26,2017-10-26,False,False,,,,,,,,,
1343,5261,Dolejš,Jiří,Ing.,,1961-01-24,,M,581,Hlavní město Praha,Capital Prague,154.0,KSCM,Komunistická strana Čech a Moravy,Communist Party of Bohemia and Moravia,1293,KSČM,Poslanecký klub Komunistické strany Čech a Moravy,Political group Communist Party of Bohemia and Moravia,2017-10-24,2021-10-20,2013-10-26,2017-10-26,False,False,,,,,,,,,
1465,5999,Strnadlová,Miroslava,,,1954-11-20,,Ž,593,Zlínský,Zlin,153.0,CSSD,Česká strana sociálně demokratická,Czech Social Democratic Party,1107,ČSSD,Poslanecký klub České strany sociálně demokratické,Political group Czech Social Democratic Party,2013-10-29,2017-10-26,2013-10-26,2017-10-26,False,False,,,,,,,,,
1437,6229,Petera,Miloš,Ing.,,1958-03-14,,M,582,Středočeský,Central Bohemia,153.0,CSSD,Česká strana sociálně demokratická,Czech Social Democratic Party,1107,ČSSD,Poslanecký klub České strany sociálně demokratické,Political group Czech Social Democratic Party,2013-10-29,2014-08-28,2013-10-26,2014-08-28,False,False,,,,,,,,,
1396,6140,Komárek,Martin,PhDr.,,1961-02-13,,M,587,Liberecký,Liberec,1104.0,ANO2011,ANO2011,ANO2011,1108,ANO,Poslanecký klub ANO 2011,Political group ANO 2011,2013-10-30,2017-10-26,2013-10-26,2017-10-26,False,False,,,,,,,,,
1380,5402,Jandák,Vítězslav,Mgr.,,1947-08-03,,M,583,Jihočeský,Southern Bohemia,153.0,CSSD,Česká strana sociálně demokratická,Czech Social Democratic Party,1107,ČSSD,Poslanecký klub České strany sociálně demokratické,Political group Czech Social Democratic Party,2013-10-29,2017-06-09,2013-10-26,2017-06-09,False,False,,,,,,,,,
1356,305,Grebeníček,Miroslav,doc. PhDr.,CSc.,1947-03-21,,M,591,Jihomoravský,Southern Moravia,154.0,KSCM,Komunistická strana Čech a Moravy,Communist Party of Bohemia and Moravia,1293,KSČM,Poslanecký klub Komunistické strany Čech a Moravy,Political group Communist Party of Bohemia and Moravia,2017-10-24,2021-10-20,2013-10-26,2017-10-26,False,False,,,,,,,,,
1460,5965,Sklenák,Roman,Mgr.,,1970-07-23,,M,591,Jihomoravský,Southern Moravia,153.0,CSSD,Česká strana sociálně demokratická,Czech Social Democratic Party,1294,ČSSD,Poslanecký klub České strany sociálně demokratické,Political group Czech Social Democratic Party,2018-03-31,2021-09-17,2013-10-26,2017-10-26,False,False,,,,,,,,,
1471,5506,Šidlo,Karel,Ing.,,1957-11-01,,M,584,Plzeňský,Plzen,154.0,KSCM,Komunistická strana Čech a Moravy,Communist Party of Bohemia and Moravia,1109,KSČM,Poslanecký klub Komunistické strany Čech a Moravy,Political group Communist Party of Bohemia and Moravia,2013-10-27,2017-10-26,2013-10-26,2017-10-26,False,False,,,,,,,,,
1331,6079,Blažek,Pavel,JUDr.,Ph.D.,1969-04-08,,M,591,Jihomoravský,Southern Moravia,155.0,ODS,Občanská demokratická strana,Civic Democratic Party,1538,ODS,Poslanecký klub Občanské demokratické strany,Political group Civic Democratic Party,2021-10-12,,2013-10-26,2017-10-26,True,True,,,,,,,,,
1324,6179,Benešík,Ondřej,Mgr.,,1976-06-27,,M,593,Zlínský,Zlin,151.0,KDU-ČSL,Křesťanská a demokratická unie - Československá strana lidová,Christian Democratic Union - Czechoslovak People's Party,1539,KDU-ČSL,Poslanecký klub KDU-ČSL,Political Group of the Christian and Democratic Union - Czechoslovak People's Party,2021-10-12,,2013-10-26,2017-10-26,True,True,,,,,,,,,
1342,6189,Dobešová,Ivana,PaedDr.,,1960-07-12,,Ž,582,Středočeský,Central Bohemia,1104.0,ANO2011,ANO2011,ANO2011,1108,ANO,Poslanecký klub ANO 2011,Political group ANO 2011,2013-10-30,2017-10-26,2013-10-26,2017-10-26,False,False,,,,,,,,,
1348,5459,Fiala,Radim,Ing.,,1969-07-24,,M,592,Olomoucký,Olomouc,1105.0,Usvit,Úsvit přímé demokracie Tomia Okamury,Rise of Direct Democracy of Tomio Okamura,1540,SPD,Poslanecký klub Svoboda a přímá demokracie,Political group Freedom and Direct Democracy,2021-10-12,,2013-10-26,2017-10-26,True,True,,,,,,,,,
1461,5502,Snopek,Václav,Mgr.,CSc.,1951-08-20,,M,589,Pardubický,Pardubice,154.0,KSCM,Komunistická strana Čech a Moravy,Communist Party of Bohemia and Moravia,1109,KSČM,Poslanecký klub Komunistické strany Čech a Moravy,Political group Communist Party of Bohemia and Moravia,2013-10-27,2017-10-26,2013-10-26,2017-10-26,False,False,,,,,,,,,
1425,5991,Novotný,Josef,PaedDr.,,1952-12-14,,M,585,Karlovarský,Karlovy Vary,153.0,CSSD,Česká strana sociálně demokratická,Czech Social Democratic Party,1107,ČSSD,Poslanecký klub České strany sociálně demokratické,Political group Czech Social Democratic Party,2013-10-29,2017-10-26,2013-10-26,2017-10-26,False,False,,,,,,,,,
1519,6424,Valhoda,Václav,ing.,,1959-06-25,,M,583,Jihočeský,Southern Bohemia,153.0,CSSD,Česká strana sociálně demokratická,Czech Social Democratic Party,1107,ČSSD,Poslanecký klub České strany sociálně demokratické,Political group Czech Social Democratic Party,2017-06-09,2017-10-26,2017-06-09,2017-10-26,False,False,,,,,,,,,
1440,6231,Pilný,Ivan,Ing.,,1944-07-06,,M,588,Královéhradecký,Hradec Kralove,1104.0,ANO2011,ANO2011,ANO2011,1108,ANO,Poslanecký klub ANO 2011,Political group ANO 2011,2013-10-30,2017-10-26,2013-10-26,2017-10-26,False,False,,,,,,,,,
1459,5964,Skalický,Jiří,PharmDr.,Ph.D.,1954-08-03,,M,589,Pardubický,Pardubice,948.0,TOP09,TOP 09,TOP 09,1112,TOP09-S,Poslanecký klub TOP 09 a Starostové,Political group TOP 09 a Starostové,2013-10-31,2017-10-26,2013-10-26,2017-10-26,False,False,,,,,,,,,
1379,6113,Jakubčík,Igor,Mgr.,,1967-05-12,,M,584,Plzeňský,Plzen,153.0,CSSD,Česká strana sociálně demokratická,Czech Social Democratic Party,1107,ČSSD,Poslanecký klub České strany sociálně demokratické,Political group Czech Social Democratic Party,2013-10-29,2017-10-26,2013-10-26,2017-10-26,False,False,,,,,,,,,
1385,6205,Jurečka,Marian,Ing.,,1981-03-15,,M,592,Olomoucký,Olomouc,151.0,KDU-ČSL,Křesťanská a demokratická unie - Československá strana lidová,Christian Democratic Union - Czechoslovak People's Party,1539,KDU-ČSL,Poslanecký klub KDU-ČSL,Political Group of the Christian and Democratic Union - Czechoslovak People's Party,2021-10-12,,2013-10-26,2017-10-26,True,True,,,,,,,,,
1398,5313,Koníček,Vladimír,RNDr.,,1964-02-23,,M,593,Zlínský,Zlin,154.0,KSCM,Komunistická strana Čech a Moravy,Communist Party of Bohemia and Moravia,1293,KSČM,Poslanecký klub Komunistické strany Čech a Moravy,Political group Communist Party of Bohemia and Moravia,2017-10-24,2018-12-04,2013-10-26,2017-10-26,False,False,,,,,,,,,
1488,6165,Vondráček,Radek,Mgr.,,1973-12-30,,M,593,Zlínský,Zlin,1104.0,ANO2011,ANO2011,ANO2011,1537,ANO,Poslanecký klub ANO 2011,Political group ANO 2011,2021-10-12,,2013-10-26,2017-10-26,True,True,,,,,,,,,
1446,5956,Polčák,Stanislav,JUDr.,,1980-02-21,,M,581,Hlavní město Praha,Capital Prague,948.0,TOP09,TOP 09,TOP 09,1112,TOP09-S,Poslanecký klub TOP 09 a Starostové,Political group TOP 09 a Starostové,2013-10-31,2014-07-01,2013-10-26,2014-07-01,False,False,,,,,,,,,
