mp_id,name,rebeling,possible,rebel,last_group_abbreviation,region_name_cs,photo_url
6165,Radek Vondráček,140,7418,1.89,ANO,Zlínský,https://www.psp.cz/eknih/cdrom/2021ps/eknih/2021ps/poslanci/i6165.jpg
6623,Ondřej Babka,105,7418,1.42,ANO,Jihočeský,https://www.psp.cz/eknih/cdrom/2021ps/eknih/2021ps/poslanci/i6623.jpg
6780,Berenika Peštová,103,7418,1.39,ANO,Ústecký,https://www.psp.cz/eknih/cdrom/2021ps/eknih/2021ps/poslanci/i6780.jpg
6150,Andrej Babiš,79,7418,1.06,ANO,Ústecký,https://www.psp.cz/eknih/cdrom/2021ps/eknih/2021ps/poslanci/i6150.jpg
6534,Jiří Mašek,76,7418,1.02,ANO,Královéhradecký,https://www.psp.cz/eknih/cdrom/2021ps/eknih/2021ps/poslanci/i6534.jpg
6509,Robert Králíček,68,7418,0.92,ANO,Hlavní město Praha,https://www.psp.cz/eknih/cdrom/2021ps/eknih/2021ps/poslanci/i6509.jpg
6487,Patrik Nacher,66,7418,0.89,ANO,Hlavní město Praha,https://www.psp.cz/eknih/cdrom/2021ps/eknih/2021ps/poslanci/i6487.jpg
6533,Marek Novák,58,7418,0.78,ANO,Zlínský,https://www.psp.cz/eknih/cdrom/2021ps/eknih/2021ps/poslanci/i6533.jpg
6246,Josef Kott,57,7418,0.77,ANO,Vysočina,https://www.psp.cz/eknih/cdrom/2021ps/eknih/2021ps/poslanci/i6246.jpg
6211,Martin Kolovratník,52,7418,0.7,ANO,Pardubický,https://www.psp.cz/eknih/cdrom/2021ps/eknih/2021ps/poslanci/i6211.jpg
6215,Roman Kubíček,49,7418,0.66,ANO,Jihočeský,https://www.psp.cz/eknih/cdrom/2021ps/eknih/2021ps/poslanci/i6215.jpg
6143,Stanislav Berkovec,48,7418,0.65,ANO,Středočeský,https://www.psp.cz/eknih/cdrom/2021ps/eknih/2021ps/poslanci/i6143.jpg
6166,Jan Volný,46,7418,0.62,ANO,Plzeňský,https://www.psp.cz/eknih/cdrom/2021ps/eknih/2021ps/poslanci/i6166.jpg
6474,Zuzana Ožanová,44,7418,0.59,ANO,Moravskoslezský,https://www.psp.cz/eknih/cdrom/2021ps/eknih/2021ps/poslanci/i6474.jpg
6756,Tomáš Helebrant,43,7418,0.58,ANO,Středočeský,https://www.psp.cz/eknih/cdrom/2021ps/eknih/2021ps/poslanci/i6756.jpg
6172,Ladislav Okleštěk,43,7418,0.58,ANO,Olomoucký,https://www.psp.cz/eknih/cdrom/2021ps/eknih/2021ps/poslanci/i6172.jpg
6518,Petr Sadovský,42,7418,0.57,ANO,Královéhradecký,https://www.psp.cz/eknih/cdrom/2021ps/eknih/2021ps/poslanci/i6518.jpg
6511,Jan Kubík,39,7418,0.53,ANO,Jihočeský,https://www.psp.cz/eknih/cdrom/2021ps/eknih/2021ps/poslanci/i6511.jpg
6168,Helena Válková,37,7418,0.5,ANO,Středočeský,https://www.psp.cz/eknih/cdrom/2021ps/eknih/2021ps/poslanci/i6168.jpg
6527,David Pražák,36,7418,0.49,ANO,Liberecký,https://www.psp.cz/eknih/cdrom/2021ps/eknih/2021ps/poslanci/i6527.jpg
6457,Eva Fialová,35,7418,0.47,ANO,Ústecký,https://www.psp.cz/eknih/cdrom/2021ps/eknih/2021ps/poslanci/i6457.jpg
6500,Jan Richter,35,7418,0.47,ANO,Ústecký,https://www.psp.cz/eknih/cdrom/2021ps/eknih/2021ps/poslanci/i6500.jpg
6946,Josef Váňa,5,1088,0.46,ANO,Karlovarský,https://www.psp.cz/eknih/cdrom/2021ps/eknih/2021ps/poslanci/i6946.jpg
6458,Ivan Jáč,34,7418,0.46,ANO,Liberecký,https://www.psp.cz/eknih/cdrom/2021ps/eknih/2021ps/poslanci/i6458.jpg
6738,Hubert Lang,34,7418,0.46,ANO,Plzeňský,https://www.psp.cz/eknih/cdrom/2021ps/eknih/2021ps/poslanci/i6738.jpg
6523,Michal Ratiborský,34,7418,0.46,ANO,Moravskoslezský,https://www.psp.cz/eknih/cdrom/2021ps/eknih/2021ps/poslanci/i6523.jpg
6177,Margita Balaštíková,33,7402,0.45,ANO,Zlínský,https://www.psp.cz/eknih/cdrom/2021ps/eknih/2021ps/poslanci/i6177.jpg
6428,Andrea Babišová,33,7418,0.44,ANO,Moravskoslezský,https://www.psp.cz/eknih/cdrom/2021ps/eknih/2021ps/poslanci/i6428.jpg
6782,Drahoslav Ryba,33,7418,0.44,ANO,Vysočina,https://www.psp.cz/eknih/cdrom/2021ps/eknih/2021ps/poslanci/i6782.jpg
6730,Lubomír Wenzl,32,7418,0.43,ANO,Jihomoravský,https://www.psp.cz/eknih/cdrom/2021ps/eknih/2021ps/poslanci/i6730.jpg
6225,Jana Pastuchová,32,7418,0.43,ANO,Liberecký,https://www.psp.cz/eknih/cdrom/2021ps/eknih/2021ps/poslanci/i6225.jpg
6468,Taťána Malá,32,7418,0.43,ANO,Jihomoravský,https://www.psp.cz/eknih/cdrom/2021ps/eknih/2021ps/poslanci/i6468.jpg
6409,František Petrtýl,32,7418,0.43,ANO,Středočeský,https://www.psp.cz/eknih/cdrom/2021ps/eknih/2021ps/poslanci/i6409.jpg
6736,Martin Kukla,31,7418,0.42,ANO,Vysočina,https://www.psp.cz/eknih/cdrom/2021ps/eknih/2021ps/poslanci/i6736.jpg
6201,Miloslav Janulík,31,7418,0.42,ANO,Jihomoravský,https://www.psp.cz/eknih/cdrom/2021ps/eknih/2021ps/poslanci/i6201.jpg
6158,Karel Rais,30,7418,0.4,ANO,Jihomoravský,https://www.psp.cz/eknih/cdrom/2021ps/eknih/2021ps/poslanci/i6158.jpg
6731,Milan Wenzl,30,7418,0.4,ANO,Hlavní město Praha,https://www.psp.cz/eknih/cdrom/2021ps/eknih/2021ps/poslanci/i6731.jpg
6463,Aleš Juchelka,29,7418,0.39,ANO,Moravskoslezský,https://www.psp.cz/eknih/cdrom/2021ps/eknih/2021ps/poslanci/i6463.jpg
6254,Věra Adámková,28,7418,0.38,ANO,Hlavní město Praha,https://www.psp.cz/eknih/cdrom/2021ps/eknih/2021ps/poslanci/i6254.jpg
6209,David Kasal,28,7418,0.38,ANO,Pardubický,https://www.psp.cz/eknih/cdrom/2021ps/eknih/2021ps/poslanci/i6209.jpg
6770,Renata Oulehlová,28,7418,0.38,ANO,Karlovarský,https://www.psp.cz/eknih/cdrom/2021ps/eknih/2021ps/poslanci/i6770.jpg
6506,Tomáš Kohoutek,28,7418,0.38,ANO,Ústecký,https://www.psp.cz/eknih/cdrom/2021ps/eknih/2021ps/poslanci/i6506.jpg
6749,Romana Fischerová,27,7418,0.36,ANO,Středočeský,https://www.psp.cz/eknih/cdrom/2021ps/eknih/2021ps/poslanci/i6749.jpg
6723,Jana Berkovcová,26,7418,0.35,ANO,Královéhradecký,https://www.psp.cz/eknih/cdrom/2021ps/eknih/2021ps/poslanci/i6723.jpg
6484,David Štolpa,26,7418,0.35,ANO,Jihomoravský,https://www.psp.cz/eknih/cdrom/2021ps/eknih/2021ps/poslanci/i6484.jpg
6545,Alena Schillerová,26,7418,0.35,ANO,Jihomoravský,https://www.psp.cz/eknih/cdrom/2021ps/eknih/2021ps/poslanci/i6545.jpg
6240,Karel Tureček,25,7418,0.34,ANO,Jihočeský,https://www.psp.cz/eknih/cdrom/2021ps/eknih/2021ps/poslanci/i6240.jpg
6621,Karel Havlíček,25,7418,0.34,ANO,Středočeský,https://www.psp.cz/eknih/cdrom/2021ps/eknih/2021ps/poslanci/i6621.jpg
6431,Lenka Dražilová,24,7418,0.32,ANO,Jihomoravský,https://www.psp.cz/eknih/cdrom/2021ps/eknih/2021ps/poslanci/i6431.jpg
6451,Stanislav Fridrich,23,7418,0.31,ANO,Moravskoslezský,https://www.psp.cz/eknih/cdrom/2021ps/eknih/2021ps/poslanci/i6451.jpg
6505,Julius Špičák,23,7418,0.31,ANO,Středočeský,https://www.psp.cz/eknih/cdrom/2021ps/eknih/2021ps/poslanci/i6505.jpg
6743,Robert Stržínek,23,7418,0.31,ANO,Zlínský,https://www.psp.cz/eknih/cdrom/2021ps/eknih/2021ps/poslanci/i6743.jpg
6520,Pavel Růžička,22,7418,0.3,ANO,Ústecký,https://www.psp.cz/eknih/cdrom/2021ps/eknih/2021ps/poslanci/i6520.jpg
6185,Milan Brázdil,22,7418,0.3,ANO,Olomoucký,https://www.psp.cz/eknih/cdrom/2021ps/eknih/2021ps/poslanci/i6185.jpg
6753,Jana Hanzlíková,22,7418,0.3,ANO,Pardubický,https://www.psp.cz/eknih/cdrom/2021ps/eknih/2021ps/poslanci/i6753.jpg
6437,Josef Bělica,21,7418,0.28,ANO,Moravskoslezský,https://www.psp.cz/eknih/cdrom/2021ps/eknih/2021ps/poslanci/i6437.jpg
6190,Jaroslav Faltýnek,21,7418,0.28,ANO,Olomoucký,https://www.psp.cz/eknih/cdrom/2021ps/eknih/2021ps/poslanci/i6190.jpg
6184,Richard Brabec,20,7418,0.27,ANO,Jihočeský,https://www.psp.cz/eknih/cdrom/2021ps/eknih/2021ps/poslanci/i6184.jpg
6732,Ivana Mádlová,19,7418,0.26,ANO,Plzeňský,https://www.psp.cz/eknih/cdrom/2021ps/eknih/2021ps/poslanci/i6732.jpg
6515,Jiří Strýček,19,7418,0.26,ANO,Moravskoslezský,https://www.psp.cz/eknih/cdrom/2021ps/eknih/2021ps/poslanci/i6515.jpg
6447,Kamal Farhan,16,7418,0.22,ANO,Plzeňský,https://www.psp.cz/eknih/cdrom/2021ps/eknih/2021ps/poslanci/i6447.jpg
6775,Lenka Knechtová,15,7418,0.2,ANO,Jihomoravský,https://www.psp.cz/eknih/cdrom/2021ps/eknih/2021ps/poslanci/i6775.jpg
6725,Lubomír Brož,15,7418,0.2,ANO,Hlavní město Praha,https://www.psp.cz/eknih/cdrom/2021ps/eknih/2021ps/poslanci/i6725.jpg
6475,Monika Oborná,12,7418,0.16,ANO,Vysočina,https://www.psp.cz/eknih/cdrom/2021ps/eknih/2021ps/poslanci/i6475.jpg
6758,Igor Hendrych,12,7418,0.16,ANO,Moravskoslezský,https://www.psp.cz/eknih/cdrom/2021ps/eknih/2021ps/poslanci/i6758.jpg
6940,Kamila Bláhová,2,1314,0.15,ANO,Ústecký,https://www.psp.cz/eknih/cdrom/2021ps/eknih/2021ps/poslanci/i6940.jpg
6688,Miroslav Samaš,2,1314,0.15,ANO,Středočeský,https://www.psp.cz/eknih/cdrom/2021ps/eknih/2021ps/poslanci/i6688.jpg
6939,Jaromír Dědeček,2,1314,0.15,ANO,Královéhradecký,https://www.psp.cz/eknih/cdrom/2021ps/eknih/2021ps/poslanci/i6939.jpg
6544,Lubomír Metnar,7,7418,0.09,ANO,Moravskoslezský,https://www.psp.cz/eknih/cdrom/2021ps/eknih/2021ps/poslanci/i6544.jpg
6490,Petr Vrána,6,7418,0.08,ANO,Olomoucký,https://www.psp.cz/eknih/cdrom/2021ps/eknih/2021ps/poslanci/i6490.jpg
6964,Bohuslav Hudec,0,253,0.0,ANO,Olomoucký,https://www.psp.cz/eknih/cdrom/2021ps/eknih/2021ps/poslanci/i6964.jpg
6742,Karel Smetana,81,7423,1.09,KDU-ČSL,Olomoucký,https://www.psp.cz/eknih/cdrom/2021ps/eknih/2021ps/poslanci/i6742.jpg
6720,Romana Bělohlávková,80,7423,1.08,KDU-ČSL,Vysočina,https://www.psp.cz/eknih/cdrom/2021ps/eknih/2021ps/poslanci/i6720.jpg
6138,Pavel Bělobrádek,62,7423,0.84,KDU-ČSL,Královéhradecký,https://www.psp.cz/eknih/cdrom/2021ps/eknih/2021ps/poslanci/i6138.jpg
6757,Šimon Heller,58,7423,0.78,KDU-ČSL,Jihočeský,https://www.psp.cz/eknih/cdrom/2021ps/eknih/2021ps/poslanci/i6757.jpg
6801,Jiří Navrátil,56,7423,0.75,KDU-ČSL,Moravskoslezský,https://www.psp.cz/eknih/cdrom/2021ps/eknih/2021ps/poslanci/i6801.jpg
6555,Tom Philipp,53,7423,0.71,KDU-ČSL,Hlavní město Praha,https://www.psp.cz/eknih/cdrom/2021ps/eknih/2021ps/poslanci/i6555.jpg
6777,Michael Kohajda,50,7423,0.67,KDU-ČSL,Olomoucký,https://www.psp.cz/eknih/cdrom/2021ps/eknih/2021ps/poslanci/i6777.jpg
6207,Vít Kaňkovský,47,7423,0.63,KDU-ČSL,Vysočina,https://www.psp.cz/eknih/cdrom/2021ps/eknih/2021ps/poslanci/i6207.jpg
6513,Marek Výborný,46,7423,0.62,KDU-ČSL,Pardubický,https://www.psp.cz/eknih/cdrom/2021ps/eknih/2021ps/poslanci/i6513.jpg
6176,Nina Nováková,45,7423,0.61,KDU-ČSL,Středočeský,https://www.psp.cz/eknih/cdrom/2021ps/eknih/2021ps/poslanci/i6176.jpg
5449,Jiří Carbol,37,7423,0.5,KDU-ČSL,Moravskoslezský,https://www.psp.cz/eknih/cdrom/2021ps/eknih/2021ps/poslanci/i5449.jpg
6729,Aleš Dufek,36,7423,0.48,KDU-ČSL,Zlínský,https://www.psp.cz/eknih/cdrom/2021ps/eknih/2021ps/poslanci/i6729.jpg
6764,Marie Jílková,34,7423,0.46,KDU-ČSL,Jihomoravský,https://www.psp.cz/eknih/cdrom/2021ps/eknih/2021ps/poslanci/i6764.jpg
6786,Róbert Teleky,32,7423,0.43,KDU-ČSL,Zlínský,https://www.psp.cz/eknih/cdrom/2021ps/eknih/2021ps/poslanci/i6786.jpg
6794,Miroslav Zborovský,30,7423,0.4,KDU-ČSL,Jihomoravský,https://www.psp.cz/eknih/cdrom/2021ps/eknih/2021ps/poslanci/i6794.jpg
6292,Pavla Golasowská,29,7423,0.39,KDU-ČSL,Moravskoslezský,https://www.psp.cz/eknih/cdrom/2021ps/eknih/2021ps/poslanci/i6292.jpg
6178,Jan Bartošek,29,7423,0.39,KDU-ČSL,Jihočeský,https://www.psp.cz/eknih/cdrom/2021ps/eknih/2021ps/poslanci/i6178.jpg
6179,Ondřej Benešík,25,7423,0.34,KDU-ČSL,Zlínský,https://www.psp.cz/eknih/cdrom/2021ps/eknih/2021ps/poslanci/i6179.jpg
6205,Marian Jurečka,23,7423,0.31,KDU-ČSL,Olomoucký,https://www.psp.cz/eknih/cdrom/2021ps/eknih/2021ps/poslanci/i6205.jpg
6803,Jiří Horák,21,7423,0.28,KDU-ČSL,Jihomoravský,https://www.psp.cz/eknih/cdrom/2021ps/eknih/2021ps/poslanci/i6803.jpg
5332,Antonín Tesařík,20,7423,0.27,KDU-ČSL,Jihomoravský,https://www.psp.cz/eknih/cdrom/2021ps/eknih/2021ps/poslanci/i5332.jpg
6769,Hayato Okamura,20,7423,0.27,KDU-ČSL,Hlavní město Praha,https://www.psp.cz/eknih/cdrom/2021ps/eknih/2021ps/poslanci/i6769.jpg
6492,Ivo Vondrák,6,5024,0.12,Nezařaz,Moravskoslezský,https://www.psp.cz/eknih/cdrom/2021ps/eknih/2021ps/poslanci/i6492.jpg
6792,Vít Vomáčka,260,7433,3.5,ODS,Liberecký,https://www.psp.cz/eknih/cdrom/2021ps/eknih/2021ps/poslanci/i6792.jpg
5899,Jan Bureš,174,7433,2.34,ODS,Karlovarský,https://www.psp.cz/eknih/cdrom/2021ps/eknih/2021ps/poslanci/i5899.jpg
6744,Rudolf Salvetr,57,7433,0.77,ODS,Plzeňský,https://www.psp.cz/eknih/cdrom/2021ps/eknih/2021ps/poslanci/i6744.jpg
6800,Václav Král,56,7433,0.75,ODS,Jihočeský,https://www.psp.cz/eknih/cdrom/2021ps/eknih/2021ps/poslanci/i6800.jpg
5931,Radim Jirout,8,1086,0.74,ODS,Pardubický,https://www.psp.cz/eknih/cdrom/2021ps/eknih/2021ps/poslanci/i5931.jpg
6719,Jana Bačíková,54,7433,0.73,ODS,Jihomoravský,https://www.psp.cz/eknih/cdrom/2021ps/eknih/2021ps/poslanci/i6719.jpg
6733,Martin Major,49,7433,0.66,ODS,Olomoucký,https://www.psp.cz/eknih/cdrom/2021ps/eknih/2021ps/poslanci/i6733.jpg
6418,Jan Skopeček,47,7433,0.63,ODS,Středočeský,https://www.psp.cz/eknih/cdrom/2021ps/eknih/2021ps/poslanci/i6418.jpg
6755,Jiří Havránek,44,7433,0.59,ODS,Středočeský,https://www.psp.cz/eknih/cdrom/2021ps/eknih/2021ps/poslanci/i6755.jpg
6436,Petr Beitl,43,7433,0.58,ODS,Liberecký,https://www.psp.cz/eknih/cdrom/2021ps/eknih/2021ps/poslanci/i6436.jpg
6510,Karel Krejza,41,7433,0.55,ODS,Ústecký,https://www.psp.cz/eknih/cdrom/2021ps/eknih/2021ps/poslanci/i6510.jpg
6486,Vojtěch Munzar,40,7433,0.54,ODS,Středočeský,https://www.psp.cz/eknih/cdrom/2021ps/eknih/2021ps/poslanci/i6486.jpg
6459,Jakub Janda,40,7433,0.54,ODS,Moravskoslezský,https://www.psp.cz/eknih/cdrom/2021ps/eknih/2021ps/poslanci/i6459.jpg
6759,Jan Hofmann,39,7433,0.52,ODS,Středočeský,https://www.psp.cz/eknih/cdrom/2021ps/eknih/2021ps/poslanci/i6759.jpg
6751,Karel Haas,39,7433,0.52,ODS,Pardubický,https://www.psp.cz/eknih/cdrom/2021ps/eknih/2021ps/poslanci/i6751.jpg
5969,Zbyněk Stanjura,35,7433,0.47,ODS,Moravskoslezský,https://www.psp.cz/eknih/cdrom/2021ps/eknih/2021ps/poslanci/i5969.jpg
5968,Pavel Staněk,32,7433,0.43,ODS,Královéhradecký,https://www.psp.cz/eknih/cdrom/2021ps/eknih/2021ps/poslanci/i5968.jpg
6079,Pavel Blažek,32,7433,0.43,ODS,Jihomoravský,https://www.psp.cz/eknih/cdrom/2021ps/eknih/2021ps/poslanci/i6079.jpg
5903,Jana Černochová,30,7433,0.4,ODS,Hlavní město Praha,https://www.psp.cz/eknih/cdrom/2021ps/eknih/2021ps/poslanci/i5903.jpg
6793,Renáta Zajíčková,30,7433,0.4,ODS,Hlavní město Praha,https://www.psp.cz/eknih/cdrom/2021ps/eknih/2021ps/poslanci/i6793.jpg
6727,Eva Decroix,30,7433,0.4,ODS,Vysočina,https://www.psp.cz/eknih/cdrom/2021ps/eknih/2021ps/poslanci/i6727.jpg
4,Marek Benda,27,7433,0.36,ODS,Hlavní město Praha,https://www.psp.cz/eknih/cdrom/2021ps/eknih/2021ps/poslanci/i4.jpg
5379,Jan Bauer,27,7433,0.36,ODS,Jihočeský,https://www.psp.cz/eknih/cdrom/2021ps/eknih/2021ps/poslanci/i5379.jpg
6787,Libor Turek,25,7433,0.34,ODS,Ústecký,https://www.psp.cz/eknih/cdrom/2021ps/eknih/2021ps/poslanci/i6787.jpg
5226,Pavel Žáček,24,7433,0.32,ODS,Hlavní město Praha,https://www.psp.cz/eknih/cdrom/2021ps/eknih/2021ps/poslanci/i5226.jpg
6748,Petr Fifka,23,7433,0.31,ODS,Hlavní město Praha,https://www.psp.cz/eknih/cdrom/2021ps/eknih/2021ps/poslanci/i6748.jpg
6804,Zdenka Němečková Crkvenjaš,23,7433,0.31,ODS,Moravskoslezský,https://www.psp.cz/eknih/cdrom/2021ps/eknih/2021ps/poslanci/i6804.jpg
6538,Martin Kupka,22,7433,0.3,ODS,Středočeský,https://www.psp.cz/eknih/cdrom/2021ps/eknih/2021ps/poslanci/i6538.jpg
6435,Martin Baxa,22,7433,0.3,ODS,Plzeňský,https://www.psp.cz/eknih/cdrom/2021ps/eknih/2021ps/poslanci/i6435.jpg
5700,Ivan Adamec,19,7433,0.26,ODS,Královéhradecký,https://www.psp.cz/eknih/cdrom/2021ps/eknih/2021ps/poslanci/i5700.jpg
6438,Stanislav Blaha,17,7433,0.23,ODS,Zlínský,https://www.psp.cz/eknih/cdrom/2021ps/eknih/2021ps/poslanci/i6438.jpg
6007,Bohuslav Svoboda,17,7433,0.23,ODS,Hlavní město Praha,https://www.psp.cz/eknih/cdrom/2021ps/eknih/2021ps/poslanci/i6007.jpg
346,Petr Bendl,15,7433,0.2,ODS,Středočeský,https://www.psp.cz/eknih/cdrom/2021ps/eknih/2021ps/poslanci/i346.jpg
6074,Petr Fiala,15,7433,0.2,ODS,Jihomoravský,https://www.psp.cz/eknih/cdrom/2021ps/eknih/2021ps/poslanci/i6074.jpg
6765,Pavel Kašník,13,7433,0.17,ODS,Jihomoravský,https://www.psp.cz/eknih/cdrom/2021ps/eknih/2021ps/poslanci/i6765.jpg
6776,Klára Kocmanová,56,7170,0.78,Piráti,Středočeský,https://www.psp.cz/eknih/cdrom/2021ps/eknih/2021ps/poslanci/i6776.jpg
6477,Jakub Michálek,47,7170,0.66,Piráti,Hlavní město Praha,https://www.psp.cz/eknih/cdrom/2021ps/eknih/2021ps/poslanci/i6477.jpg
6473,Olga Richterová,45,7170,0.63,Piráti,Hlavní město Praha,https://www.psp.cz/eknih/cdrom/2021ps/eknih/2021ps/poslanci/i6473.jpg
6433,Ivan Bartoš,32,7170,0.45,Piráti,Ústecký,https://www.psp.cz/eknih/cdrom/2021ps/eknih/2021ps/poslanci/i6433.jpg
6521,Radek Rozvoral,19,7407,0.26,SPD,Středočeský,https://www.psp.cz/eknih/cdrom/2021ps/eknih/2021ps/poslanci/i6521.jpg
5911,Jaroslav Foldyna,19,7407,0.26,SPD,Ústecký,https://www.psp.cz/eknih/cdrom/2021ps/eknih/2021ps/poslanci/i5911.jpg
6495,Radovan Vích,15,7407,0.2,SPD,Liberecký,https://www.psp.cz/eknih/cdrom/2021ps/eknih/2021ps/poslanci/i6495.jpg
6445,Jaroslav Dvořák,11,7407,0.15,SPD,Zlínský,https://www.psp.cz/eknih/cdrom/2021ps/eknih/2021ps/poslanci/i6445.jpg
6479,Lucie Šafránková,11,7407,0.15,SPD,Jihomoravský,https://www.psp.cz/eknih/cdrom/2021ps/eknih/2021ps/poslanci/i6479.jpg
6925,Marcel Dlask,3,2189,0.14,SPD,Pardubický,https://www.psp.cz/eknih/cdrom/2021ps/eknih/2021ps/poslanci/i6925.jpg
5459,Radim Fiala,10,7407,0.14,SPD,Olomoucký,https://www.psp.cz/eknih/cdrom/2021ps/eknih/2021ps/poslanci/i5459.jpg
5477,Vladimíra Lesenská,9,7407,0.12,SPD,Královéhradecký,https://www.psp.cz/eknih/cdrom/2021ps/eknih/2021ps/poslanci/i5477.jpg
6783,Jan Síla,9,7407,0.12,SPD,Moravskoslezský,https://www.psp.cz/eknih/cdrom/2021ps/eknih/2021ps/poslanci/i6783.jpg
6469,Karla Maříková,8,7407,0.11,SPD,Karlovarský,https://www.psp.cz/eknih/cdrom/2021ps/eknih/2021ps/poslanci/i6469.jpg
6105,Tomio Okamura,8,7407,0.11,SPD,Moravskoslezský,https://www.psp.cz/eknih/cdrom/2021ps/eknih/2021ps/poslanci/i6105.jpg
6503,Jiří Kobza,7,7407,0.09,SPD,Hlavní město Praha,https://www.psp.cz/eknih/cdrom/2021ps/eknih/2021ps/poslanci/i6503.jpg
6508,Radek Koten,7,7407,0.09,SPD,Vysočina,https://www.psp.cz/eknih/cdrom/2021ps/eknih/2021ps/poslanci/i6508.jpg
6726,Oldřich Černý,6,7407,0.08,SPD,Středočeský,https://www.psp.cz/eknih/cdrom/2021ps/eknih/2021ps/poslanci/i6726.jpg
6795,Vladimír Zlínský,5,7407,0.07,SPD,Zlínský,https://www.psp.cz/eknih/cdrom/2021ps/eknih/2021ps/poslanci/i6795.jpg
6745,Marie Pošarová,5,7407,0.07,SPD,Plzeňský,https://www.psp.cz/eknih/cdrom/2021ps/eknih/2021ps/poslanci/i6745.jpg
6785,Iveta Štefanová,5,7407,0.07,SPD,Jihočeský,https://www.psp.cz/eknih/cdrom/2021ps/eknih/2021ps/poslanci/i6785.jpg
6740,Karel Sládeček,4,7407,0.05,SPD,Moravskoslezský,https://www.psp.cz/eknih/cdrom/2021ps/eknih/2021ps/poslanci/i6740.jpg
6455,Jan Hrnčíř,4,7407,0.05,SPD,Jihomoravský,https://www.psp.cz/eknih/cdrom/2021ps/eknih/2021ps/poslanci/i6455.jpg
6773,Zdeněk Kettner,4,7407,0.05,SPD,Ústecký,https://www.psp.cz/eknih/cdrom/2021ps/eknih/2021ps/poslanci/i6773.jpg
6750,Josef Flek,141,7435,1.9,STAN,Jihomoravský,https://www.psp.cz/eknih/cdrom/2021ps/eknih/2021ps/poslanci/i6750.jpg
6735,Jan Kuchař,109,7435,1.47,STAN,Karlovarský,https://www.psp.cz/eknih/cdrom/2021ps/eknih/2021ps/poslanci/i6735.jpg
6722,Jan Berki,72,7435,0.97,STAN,Liberecký,https://www.psp.cz/eknih/cdrom/2021ps/eknih/2021ps/poslanci/i6722.jpg
6737,Jan Lacina,66,7435,0.89,STAN,Hlavní město Praha,https://www.psp.cz/eknih/cdrom/2021ps/eknih/2021ps/poslanci/i6737.jpg
6788,Barbora Urbanová,63,7435,0.85,STAN,Středočeský,https://www.psp.cz/eknih/cdrom/2021ps/eknih/2021ps/poslanci/i6788.jpg
5914,Petr Gazdík,50,7435,0.67,STAN,Zlínský,https://www.psp.cz/eknih/cdrom/2021ps/eknih/2021ps/poslanci/i5914.jpg
6947,Silvia Doušová,7,1088,0.64,STAN,Středočeský,https://www.psp.cz/eknih/cdrom/2021ps/eknih/2021ps/poslanci/i6947.jpg
6214,Věra Kovářová,41,7435,0.55,STAN,Středočeský,https://www.psp.cz/eknih/cdrom/2021ps/eknih/2021ps/poslanci/i6214.jpg
6781,Michael Rataj,41,7435,0.55,STAN,Moravskoslezský,https://www.psp.cz/eknih/cdrom/2021ps/eknih/2021ps/poslanci/i6781.jpg
6752,Martin Hájek,31,7435,0.42,STAN,Jihomoravský,https://www.psp.cz/eknih/cdrom/2021ps/eknih/2021ps/poslanci/i6752.jpg
6734,Petr Liška,29,7435,0.39,STAN,Ústecký,https://www.psp.cz/eknih/cdrom/2021ps/eknih/2021ps/poslanci/i6734.jpg
6809,Jarmila Levko,27,7122,0.38,STAN,Liberecký,https://www.psp.cz/eknih/cdrom/2021ps/eknih/2021ps/poslanci/i6809.jpg
6739,Petr Letocha,28,7435,0.38,STAN,Moravskoslezský,https://www.psp.cz/eknih/cdrom/2021ps/eknih/2021ps/poslanci/i6739.jpg
6766,Eliška Olšáková,27,7435,0.36,STAN,Zlínský,https://www.psp.cz/eknih/cdrom/2021ps/eknih/2021ps/poslanci/i6766.jpg
6724,Josef Bernard,26,7435,0.35,STAN,Plzeňský,https://www.psp.cz/eknih/cdrom/2021ps/eknih/2021ps/poslanci/i6724.jpg
6797,Vladimír Balaš,25,7435,0.34,STAN,Hlavní město Praha,https://www.psp.cz/eknih/cdrom/2021ps/eknih/2021ps/poslanci/i6797.jpg
5901,Josef Cogan,24,7435,0.32,STAN,Královéhradecký,https://www.psp.cz/eknih/cdrom/2021ps/eknih/2021ps/poslanci/i5901.jpg
6747,Martin Exner,24,7435,0.32,STAN,Středočeský,https://www.psp.cz/eknih/cdrom/2021ps/eknih/2021ps/poslanci/i6747.jpg
6763,Michaela Šebelová,23,7435,0.31,STAN,Moravskoslezský,https://www.psp.cz/eknih/cdrom/2021ps/eknih/2021ps/poslanci/i6763.jpg
6790,Milada Voborská,22,7435,0.3,STAN,Hlavní město Praha,https://www.psp.cz/eknih/cdrom/2021ps/eknih/2021ps/poslanci/i6790.jpg
6789,Lukáš Vlček,18,7435,0.24,STAN,Vysočina,https://www.psp.cz/eknih/cdrom/2021ps/eknih/2021ps/poslanci/i6789.jpg
6798,Jiří Hájek,17,7435,0.23,STAN,Pardubický,https://www.psp.cz/eknih/cdrom/2021ps/eknih/2021ps/poslanci/i6798.jpg
6767,Michaela Opltová,17,7435,0.23,STAN,Plzeňský,https://www.psp.cz/eknih/cdrom/2021ps/eknih/2021ps/poslanci/i6767.jpg
6762,Pavla Pivoňka Vaňková,14,7435,0.19,STAN,Jihočeský,https://www.psp.cz/eknih/cdrom/2021ps/eknih/2021ps/poslanci/i6762.jpg
6746,Lucie Potůčková,14,7435,0.19,STAN,Královéhradecký,https://www.psp.cz/eknih/cdrom/2021ps/eknih/2021ps/poslanci/i6746.jpg
6771,Hana Naiclerová,14,7435,0.19,STAN,Olomoucký,https://www.psp.cz/eknih/cdrom/2021ps/eknih/2021ps/poslanci/i6771.jpg
6761,Petra Quittová,13,7435,0.17,STAN,Jihomoravský,https://www.psp.cz/eknih/cdrom/2021ps/eknih/2021ps/poslanci/i6761.jpg
6772,Tomáš Müller,13,7435,0.17,STAN,Olomoucký,https://www.psp.cz/eknih/cdrom/2021ps/eknih/2021ps/poslanci/i6772.jpg
6524,Vít Rakušan,12,7435,0.16,STAN,Středočeský,https://www.psp.cz/eknih/cdrom/2021ps/eknih/2021ps/poslanci/i6524.jpg
6721,Roman Bělor,12,7435,0.16,STAN,Hlavní město Praha,https://www.psp.cz/eknih/cdrom/2021ps/eknih/2021ps/poslanci/i6721.jpg
6466,Jana Krutáková,11,7435,0.15,STAN,Jihomoravský,https://www.psp.cz/eknih/cdrom/2021ps/eknih/2021ps/poslanci/i6466.jpg
6728,Tomáš Dubský,11,7435,0.15,STAN,Pardubický,https://www.psp.cz/eknih/cdrom/2021ps/eknih/2021ps/poslanci/i6728.jpg
6791,Viktor Vojtko,10,7435,0.13,STAN,Jihočeský,https://www.psp.cz/eknih/cdrom/2021ps/eknih/2021ps/poslanci/i6791.jpg
6796,Michal Zuna,85,7425,1.14,TOP09,Hlavní město Praha,https://www.psp.cz/eknih/cdrom/2021ps/eknih/2021ps/poslanci/i6796.jpg
6937,Martin Dlouhý,8,1641,0.49,TOP09,Hlavní město Praha,https://www.psp.cz/eknih/cdrom/2021ps/eknih/2021ps/poslanci/i6937.jpg
6778,Martina Ochodnická,35,7425,0.47,TOP09,Vysočina,https://www.psp.cz/eknih/cdrom/2021ps/eknih/2021ps/poslanci/i6778.jpg
6768,Miloš Nový,34,7425,0.46,TOP09,Plzeňský,https://www.psp.cz/eknih/cdrom/2021ps/eknih/2021ps/poslanci/i6768.jpg
6216,Michal Kučera,33,7425,0.44,TOP09,Ústecký,https://www.psp.cz/eknih/cdrom/2021ps/eknih/2021ps/poslanci/i6216.jpg
5943,Helena Langšádlová,32,7425,0.43,TOP09,Středočeský,https://www.psp.cz/eknih/cdrom/2021ps/eknih/2021ps/poslanci/i5943.jpg
6741,Jiří Slavík,29,7425,0.39,TOP09,Středočeský,https://www.psp.cz/eknih/cdrom/2021ps/eknih/2021ps/poslanci/i6741.jpg
6687,Jan Jakob,21,7425,0.28,TOP09,Středočeský,https://www.psp.cz/eknih/cdrom/2021ps/eknih/2021ps/poslanci/i6687.jpg
6802,Pavel Svoboda,21,7425,0.28,TOP09,Pardubický,https://www.psp.cz/eknih/cdrom/2021ps/eknih/2021ps/poslanci/i6802.jpg
6482,Vlastimil Válek,21,7425,0.28,TOP09,Jihomoravský,https://www.psp.cz/eknih/cdrom/2021ps/eknih/2021ps/poslanci/i6482.jpg
6774,Pavel Klíma,17,7425,0.23,TOP09,Jihočeský,https://www.psp.cz/eknih/cdrom/2021ps/eknih/2021ps/poslanci/i6774.jpg
6147,Markéta Pekarová Adamová,14,7425,0.19,TOP09,Hlavní město Praha,https://www.psp.cz/eknih/cdrom/2021ps/eknih/2021ps/poslanci/i6147.jpg
6754,Matěj Ondřej Havel,11,7425,0.15,TOP09,Královéhradecký,https://www.psp.cz/eknih/cdrom/2021ps/eknih/2021ps/poslanci/i6754.jpg
6154,Marek Ženíšek,8,7425,0.11,TOP09,Plzeňský,https://www.psp.cz/eknih/cdrom/2021ps/eknih/2021ps/poslanci/i6154.jpg
